-- phpMyAdmin SQL Dump
-- version 4.8.5
-- https://www.phpmyadmin.net/
--
-- Host: 127.0.0.1
-- Generation Time: Mar 27, 2020 at 09:08 PM
-- Server version: 10.1.38-MariaDB
-- PHP Version: 7.3.4

SET SQL_MODE = "NO_AUTO_VALUE_ON_ZERO";
SET AUTOCOMMIT = 0;
START TRANSACTION;
SET time_zone = "+00:00";


/*!40101 SET @OLD_CHARACTER_SET_CLIENT=@@CHARACTER_SET_CLIENT */;
/*!40101 SET @OLD_CHARACTER_SET_RESULTS=@@CHARACTER_SET_RESULTS */;
/*!40101 SET @OLD_COLLATION_CONNECTION=@@COLLATION_CONNECTION */;
/*!40101 SET NAMES utf8mb4 */;

--
-- Database: `laravel_php2`
--

-- --------------------------------------------------------

--
-- Table structure for table `about`
--

CREATE TABLE `about` (
  `id` int(11) NOT NULL,
  `image_src` varchar(255) COLLATE utf8_unicode_ci NOT NULL,
  `image_alt` varchar(255) COLLATE utf8_unicode_ci NOT NULL,
  `description` varchar(255) COLLATE utf8_unicode_ci NOT NULL
) ENGINE=InnoDB DEFAULT CHARSET=utf8 COLLATE=utf8_unicode_ci;

--
-- Dumping data for table `about`
--

INSERT INTO `about` (`id`, `image_src`, `image_alt`, `description`) VALUES
(1, '/images/autor.jpg', 'Author', 'My name is Damnjan Askovic. I am 21 years old and I live in Obrenovac. I am studying at Visoka ICT skola in Belgrade. I completed computer science at the Gymnasium in Obrenovac. I would like to become a software developer.');

-- --------------------------------------------------------

--
-- Table structure for table `actions`
--

CREATE TABLE `actions` (
  `id` int(11) NOT NULL,
  `action` varchar(100) NOT NULL,
  `created_at` timestamp NOT NULL DEFAULT CURRENT_TIMESTAMP
) ENGINE=InnoDB DEFAULT CHARSET=latin1;

--
-- Dumping data for table `actions`
--

INSERT INTO `actions` (`id`, `action`, `created_at`) VALUES
(1, 'INSERT_MESSAGE', '2020-03-25 19:53:23'),
(2, 'UPDATE_USER', '2020-03-25 19:59:09'),
(3, 'DELETE_MESSAGE', '2020-03-25 20:03:55'),
(4, 'UPDATE_USER', '2020-03-26 13:23:39'),
(5, 'UPDATE_USER', '2020-03-26 13:24:30'),
(6, 'UPDATE_USER', '2020-03-26 13:26:34'),
(7, 'UPDATE_USER', '2020-03-26 16:50:51'),
(8, 'UPDATE_USER', '2020-03-26 17:57:01'),
(9, 'UPDATE_USER', '2020-03-26 17:57:26'),
(10, 'UPDATE_USER', '2020-03-26 18:00:22'),
(11, 'UPDATE_USER', '2020-03-26 18:09:57'),
(12, 'UPDATE_USER', '2020-03-26 18:10:31'),
(13, 'UPDATE_USER', '2020-03-26 18:50:49'),
(14, 'UPDATE_USER', '2020-03-26 18:50:59'),
(15, 'DELETE_POST', '2020-03-26 19:00:32'),
(16, 'UPDATE_USER', '2020-03-26 20:30:23'),
(17, 'LOGIN_USER', '2020-03-26 20:56:45'),
(18, 'UPDATE_USER', '2020-03-26 20:56:45'),
(19, 'LOGIN_USER', '2020-03-26 20:58:29'),
(20, 'UPDATE_USER', '2020-03-26 20:58:29'),
(21, 'LOGIN_USER', '2020-03-26 20:58:55'),
(22, 'UPDATE_USER', '2020-03-26 20:58:55'),
(23, 'LOGIN_USER', '2020-03-27 11:28:00'),
(24, 'UPDATE_USER', '2020-03-27 11:28:00'),
(25, 'LOGIN_USER', '2020-03-27 15:01:19'),
(26, 'UPDATE_USER', '2020-03-27 15:01:19'),
(27, 'INSERT_BLOG', '2020-03-27 15:57:35'),
(28, 'INSERT_BLOG', '2020-03-27 15:58:46'),
(29, 'INSERT_BLOG', '2020-03-27 15:59:41'),
(30, 'LOGIN_USER', '2020-03-27 16:05:26'),
(31, 'UPDATE_USER', '2020-03-27 16:05:26'),
(32, 'INSERT_BLOG', '2020-03-27 16:09:50'),
(33, 'INSERT_POST_GALLERY', '2020-03-27 16:26:14'),
(34, 'UPDATE_POST_WITHOUT_PICTURE', '2020-03-27 16:52:31'),
(35, 'UPDATE_POST_WITHOUT_PICTURE', '2020-03-27 16:53:16'),
(36, 'UPDATE_POST_WITHOUT_PICTURE', '2020-03-27 16:58:26'),
(37, 'LOGIN_USER', '2020-03-27 16:58:59'),
(38, 'UPDATE_USER', '2020-03-27 16:58:59'),
(39, 'UPDATE_POST_WITHOUT_PICTURE', '2020-03-27 17:00:08'),
(40, 'UPDATE_POST_WITHOUT_PICTURE', '2020-03-27 17:00:57'),
(41, 'UPDATE_POST_WITHOUT_PICTURE', '2020-03-27 17:05:34'),
(42, 'UPDATE_POST_WITHOUT_PICTURE', '2020-03-27 17:05:54'),
(43, 'UPDATE_POST_WITHOUT_PICTURE', '2020-03-27 17:06:04'),
(44, 'UPDATE_POST_WITHOUT_PICTURE', '2020-03-27 17:06:17'),
(45, 'UPDATE_POST_WITHOUT_PICTURE', '2020-03-27 17:09:48'),
(46, 'UPDATE_POST_WITHOUT_PICTURE', '2020-03-27 17:16:36'),
(47, 'UPDATE_POST_WITHOUT_PICTURE', '2020-03-27 17:16:43'),
(48, 'UPDATE_POST_WITHOUT_PICTURE', '2020-03-27 17:16:50'),
(49, 'INSERT_POST_GALLERY', '2020-03-27 17:26:44'),
(50, 'INSERT_BLOG', '2020-03-27 17:27:36'),
(51, 'UPDATE_POST_WITHOUT_PICTURE', '2020-03-27 17:28:44'),
(52, 'UPDATE_POST_WITHOUT_PICTURE', '2020-03-27 17:41:21'),
(53, 'UPDATE_POST_WITHOUT_PICTURE', '2020-03-27 17:41:34'),
(54, 'UPDATE_POST_WITHOUT_PICTURE', '2020-03-27 17:41:52'),
(55, 'INSERT_BLOG', '2020-03-27 17:51:25'),
(56, 'UPDATE_POST_WITHOUT_PICTURE', '2020-03-27 17:55:28'),
(57, 'UPDATE_POST_WITH_PICTURE', '2020-03-27 18:00:10'),
(58, 'UPDATE_BLOG_WITHOUT_PICTURE', '2020-03-27 18:22:04'),
(59, 'UPDATE_BLOG_WITHOUT_PICTURE', '2020-03-27 18:22:18'),
(60, 'UPDATE_BLOG_WITHOUT_PICTURE', '2020-03-27 18:22:36'),
(61, 'UPDATE_BLOG_WITHOUT_PICTURE', '2020-03-27 18:29:49'),
(62, 'UPDATE_BLOG_WITH_PICTURE', '2020-03-27 18:30:09'),
(63, 'UPDATE_BLOG_WITH_PICTURE', '2020-03-27 18:30:20'),
(64, 'UPDATE_BLOG_WITHOUT_PICTURE', '2020-03-27 18:42:08'),
(65, 'INSERT_CATEGORY', '2020-03-27 18:44:27'),
(66, 'DELETE_CATEGORY', '2020-03-27 18:44:52'),
(67, 'INSERT_MESSAGE', '2020-03-27 18:57:04'),
(68, 'LOGIN_USER', '2020-03-27 18:57:51'),
(69, 'UPDATE_USER', '2020-03-27 18:57:51'),
(70, 'INSERT_BLOG', '2020-03-27 18:58:10'),
(71, 'INSERT_USER', '2020-03-27 18:58:58'),
(72, 'LOGIN_USER', '2020-03-27 18:59:05'),
(73, 'UPDATE_USER', '2020-03-27 18:59:05'),
(74, 'LOGIN_USER', '2020-03-27 18:59:16'),
(75, 'UPDATE_USER', '2020-03-27 18:59:16'),
(76, 'UPDATE_BLOG_WITHOUT_PICTURE', '2020-03-27 18:59:42'),
(77, 'UPDATE_BLOG_WITH_PICTURE', '2020-03-27 18:59:59'),
(78, 'DELETE_BLOG', '2020-03-27 19:00:08'),
(79, 'INSERT_POST_GALLERY', '2020-03-27 19:00:49'),
(80, 'UPDATE_POST_WITHOUT_PICTURE', '2020-03-27 19:01:10'),
(81, 'UPDATE_POST_WITH_PICTURE', '2020-03-27 19:01:22'),
(82, 'DELETE_POST', '2020-03-27 19:01:26'),
(83, 'INSERT_BLOG', '2020-03-27 19:02:09'),
(84, 'DELETE_BLOG', '2020-03-27 19:02:35'),
(85, 'UPDATE_USER', '2020-03-27 19:03:08'),
(86, 'DELETE_MESSAGE', '2020-03-27 19:03:34'),
(87, 'DELETE_MESSAGE', '2020-03-27 19:03:37'),
(88, 'DELETE_MESSAGE', '2020-03-27 19:04:19'),
(89, 'INSERT_MESSAGE', '2020-03-27 19:05:00'),
(90, 'INSERT_MESSAGE', '2020-03-27 19:06:06'),
(91, 'INSERT_MESSAGE', '2020-03-27 19:06:33'),
(92, 'INSERT_MESSAGE', '2020-03-27 19:07:34'),
(93, 'LOGIN_USER', '2020-03-27 19:32:32'),
(94, 'UPDATE_USER', '2020-03-27 19:32:32'),
(95, 'LOGIN_USER', '2020-03-27 19:40:32'),
(96, 'UPDATE_USER', '2020-03-27 19:40:32'),
(97, 'INSERT_CATEGORY', '2020-03-27 19:40:42'),
(98, 'UPDATE_BLOG_WITHOUT_PICTURE', '2020-03-27 19:40:54'),
(99, 'DELETE_CATEGORY', '2020-03-27 19:49:46');

-- --------------------------------------------------------

--
-- Table structure for table `blog`
--

CREATE TABLE `blog` (
  `id` int(11) NOT NULL,
  `name` varchar(50) COLLATE utf8_unicode_ci NOT NULL,
  `description` varchar(255) COLLATE utf8_unicode_ci NOT NULL,
  `image_src` varchar(255) COLLATE utf8_unicode_ci NOT NULL,
  `image_alt` varchar(250) COLLATE utf8_unicode_ci NOT NULL,
  `created_at` varchar(255) COLLATE utf8_unicode_ci NOT NULL,
  `updated_at` varchar(255) COLLATE utf8_unicode_ci NOT NULL,
  `category_id` int(11) NOT NULL,
  `user_id` int(11) NOT NULL
) ENGINE=InnoDB DEFAULT CHARSET=utf8 COLLATE=utf8_unicode_ci;

--
-- Dumping data for table `blog`
--

INSERT INTO `blog` (`id`, `name`, `description`, `image_src`, `image_alt`, `created_at`, `updated_at`, `category_id`, `user_id`) VALUES
(1, 'Getting Warmer', 'Dark Light is the fifth studio album by Finnish gothic rock band HIM. Released on 26 September 2005, HIM began recording the album in March 2005 at the Paramour Estate is Los Angeles, California, with producer Tim Palmer, who had also mixed the band.', '/images/blog/pic12.jpg', 'Blog 1', '2020-03-24 17:20:14', '', 2, 1),
(2, 'My Gift is You', 'The Wall is the eleventh studio album by English rock band Pink Floyd, released in 1979 through Harvest and Columbia Records.', '/images/blog/pic13.jpg', 'Blog 2', '2020-03-24 17:20:14', '', 1, 1),
(3, 'Indie Music', 'Imagine is the third studio album by Dutch DJ and record producer Armin van Buuren. It was released on 18 April 2008 by Armada Music. The album entered the Dutch album chart at number one.', '/images/blog/pic14.jpg', 'Blog 3', '2020-03-24 17:20:14', '', 3, 1),
(4, 'Simply Sound', 'Parklife is the third studio album by the English rock band Blur, released in April 1994 on Food Records. After disappointing sales for their previous album Modern Life Is Rubbish (1993).', '/images/blog/pic15.jpg', 'Blog 4', '2020-03-24 17:20:14', '', 4, 1),
(5, 'CoolJazz', 'Tunnel of Love is the eighth studio album by Bruce Springsteen, released on October 9, 1987. Although members of the E Street Band occasionally performed on the album, Springsteen recorded most of the parts himself.', 'images/blog/pic16.jpg', 'Blog 5', '2020-03-24 17:20:14', '', 5, 1),
(6, 'Personality', 'Born to Run is the third studio album by American singer-songwriter Bruce Springsteen. As his effort to break into the mainstream, the album was a commercial success.', '/images/blog/pic17.jpg', 'Blog 6', '2020-03-24 17:20:14', '', 4, 1),
(20, 'Emotions Notes', 'Tunnel of Love is the eighth studio album by Bruce Springsteen, released on October 9, 1987. Although members of the E Street Band occasionally performed on the album, Springsteen recorded most of the parts himself. They were so suprised.', '/images/blog/pic6.jpg', 'Blog 7', '2020-03-27 20:20:14', '', 1, 1),
(21, 'Waterfall', 'After moving back to the United States from Cornwall, England in 1978 and settling in Woodstock, New York, twenty-three-year-old VanWarmer signed to local label Bearsville Records. A year later Warmer was released and produced by Del Newman.', '/images/blog/pic7.jpg', 'Blog 8', '2020-03-27 20:20:14', '', 2, 1),
(22, 'Restricted', 'The Chronic is the debut studio album by American hip hop recording artist Dr. Dre. It was released on December 15, 1992, by his own record label Death Row Records and distributed by Interscope Records and Priority Records.', '/images/blog/pic8.jpg', 'Blog 9', '2020-03-27 20:20:14', '', 3, 1),
(27, 'Domination', 'The Wall is the eleventh studio album by English rock band Pink Floyd, released in 1979 through Harvest and Columbia Records. Conceived during the In The Flesh tour, recording spanned nearly a year, from December 1978 to November.', '/images/blog/pic9.jpg', 'Blog 10', '2020-03-27 21:20:14', '', 5, 1),
(28, 'Relaxing Sound', 'Since Let It Be was The Beatles last album, it made an appropriate statement about leaving problems behind and moving on in life. The album was supposed to convey an entirely different message.', '/images/blog/pic10.jpg', 'Blog 11', '2020-03-27 21:20:14', '', 1, 1),
(29, 'La Casa', 'Dark Light is the fifth studio album by Finnish gothic rock band HIM. Released on 26 September 2005, HIM began recording the album in March 2005 at the Paramour Estate is Los Angeles, California, with producer Tim Palmer, who had also mixed the band.', '/images/blog/pic11.jpg', 'Blog 12', '2020-03-27 21:20:14', '', 2, 1),
(30, 'Simply the Best', 'The Best (often called Simply the Best) is a song originally recorded by Bonnie Tyler on her 1988 album Hide Your Heart (in the US the album was titled Notes from America). It was written by Mike Chapman and Holly Knight, and produced by Desmond Child.', '/images/blog/pic12.jpg', 'Blog 13', '2020-03-27 21:20:14', '', 3, 1),
(31, 'Hello', 'Hello is a song by British singer-songwriter Adele, released on 23 October 2015 by XL Recordings as the lead single from her third studio album, 25 (2015). Adele co-wrote the song with her producer, Greg Kurstin.', '/images/blog/pic13.jpg', 'Blog 14', '2020-03-27 21:20:14', '', 4, 1),
(33, 'Sweet Dreams', 'Sweet Dreams (Are Made of This) is a song by the British new wave music duo Eurythmics. The song is the title track of their album of the same name and was released as the fourth and final single from the album in early 1983.', '/images/blog/pic14.jpg', 'Blog 15', '2020-03-27 21:20:14', '', 5, 1);

-- --------------------------------------------------------

--
-- Table structure for table `category`
--

CREATE TABLE `category` (
  `id` int(11) NOT NULL,
  `name` varchar(255) COLLATE utf8_unicode_ci NOT NULL,
  `created_at` varchar(100) COLLATE utf8_unicode_ci NOT NULL
) ENGINE=InnoDB DEFAULT CHARSET=utf8 COLLATE=utf8_unicode_ci;

--
-- Dumping data for table `category`
--

INSERT INTO `category` (`id`, `name`, `created_at`) VALUES
(1, 'Rock', '2020-03-23 16:20:14'),
(2, 'Country', '2020-03-23 16:20:14'),
(3, 'Blues', '2020-03-23 16:20:14'),
(4, 'Jazz', '2020-03-23 16:20:14'),
(5, 'Children', '2020-03-23 16:20:14');

-- --------------------------------------------------------

--
-- Table structure for table `contact`
--

CREATE TABLE `contact` (
  `id` int(11) NOT NULL,
  `name` varchar(255) COLLATE utf8_unicode_ci NOT NULL,
  `title` varchar(255) COLLATE utf8_unicode_ci NOT NULL,
  `subject` varchar(255) COLLATE utf8_unicode_ci NOT NULL,
  `sentAt` varchar(255) COLLATE utf8_unicode_ci NOT NULL
) ENGINE=InnoDB DEFAULT CHARSET=utf8 COLLATE=utf8_unicode_ci;

--
-- Dumping data for table `contact`
--

INSERT INTO `contact` (`id`, `name`, `title`, `subject`, `sentAt`) VALUES
(9, 'Harry', 'Destination', 'Hello, what is your adress?', '2020-03-27 19:05:00'),
(10, 'Ronald', 'Phone', 'Can i have your phone number please?', '2020-03-27 19:06:06'),
(11, 'Draco', 'Work time', 'Hello, can you tell me Your work time?', '2020-03-27 19:06:33'),
(12, 'Dumbledore', 'Work time', 'Are you working on weekends?', '2020-03-27 19:07:34');

-- --------------------------------------------------------

--
-- Table structure for table `information`
--

CREATE TABLE `information` (
  `id` int(11) NOT NULL,
  `name` varchar(255) COLLATE utf8_unicode_ci NOT NULL,
  `ikonica` varchar(50) COLLATE utf8_unicode_ci NOT NULL,
  `href` varchar(255) COLLATE utf8_unicode_ci NOT NULL
) ENGINE=InnoDB DEFAULT CHARSET=utf8 COLLATE=utf8_unicode_ci;

--
-- Dumping data for table `information`
--

INSERT INTO `information` (`id`, `name`, `ikonica`, `href`) VALUES
(1, 'Documentacion', 'fa fa-book', 'information/Dokumentacija.pdf'),
(2, 'Sitemap', 'fa fa-sitemap', 'information/sitemap.xml'),
(3, 'Git Repository', 'fa fa-github', 'https://github.com/Damnjan998/danceClub.git');

-- --------------------------------------------------------

--
-- Table structure for table `menu`
--

CREATE TABLE `menu` (
  `id` int(11) NOT NULL,
  `name` varchar(255) COLLATE utf8_unicode_ci NOT NULL,
  `href` varchar(255) COLLATE utf8_unicode_ci NOT NULL
) ENGINE=InnoDB DEFAULT CHARSET=utf8 COLLATE=utf8_unicode_ci;

--
-- Dumping data for table `menu`
--

INSERT INTO `menu` (`id`, `name`, `href`) VALUES
(1, 'Home', '/'),
(2, 'Gallery', '/gallery'),
(3, 'Blog', '/blog'),
(4, 'Contact', '/contact'),
(5, 'About', '/about');

-- --------------------------------------------------------

--
-- Table structure for table `post`
--

CREATE TABLE `post` (
  `id` int(11) NOT NULL,
  `name` varchar(255) COLLATE utf8_unicode_ci NOT NULL,
  `description` varchar(255) COLLATE utf8_unicode_ci NOT NULL,
  `special` varchar(1) COLLATE utf8_unicode_ci NOT NULL,
  `image_src` varchar(255) COLLATE utf8_unicode_ci NOT NULL,
  `image_alt` varchar(255) COLLATE utf8_unicode_ci NOT NULL,
  `created_at` varchar(100) COLLATE utf8_unicode_ci NOT NULL,
  `updated_at` varchar(100) COLLATE utf8_unicode_ci NOT NULL
) ENGINE=InnoDB DEFAULT CHARSET=utf8 COLLATE=utf8_unicode_ci;

--
-- Dumping data for table `post`
--

INSERT INTO `post` (`id`, `name`, `description`, `special`, `image_src`, `image_alt`, `created_at`, `updated_at`) VALUES
(1, 'Simply Sound', 'Parklife is the third studio album by the English rock band Blur, released in April 1994 on Food Records. After disappointing sales for their previous album Modern Life Is Rubbish (1993).', '1', '/images/post/pic1.jpg', 'picture 1', '2020-03-22 13:20:14', ''),
(2, 'Emotions Notes', 'Since Let It Be was The Beatles last album, it made an appropriate statement about leaving problems behind and moving on in life. The album was supposed to convey an entirely different message.', '1', '/images/post/pic2.jpg', 'picture 2', '2020-03-22 13:20:14', ''),
(3, 'Cold Air', 'The Wall is the eleventh studio album by English rock band Pink Floyd, released in 1979 through Harvest and Columbia Records. Conceived during the In The Flesh tour, recording spanned nearly a year, from December 1978 to November.', '1', '/images/post/pic3.jpg', 'picture 3', '2020-03-22 13:20:14', ''),
(4, 'CoolJazz', 'Tunnel of Love is the eighth studio album by Bruce Springsteen, released on October 9, 1987. Although members of the E Street Band occasionally performed on the album, Springsteen recorded most of the parts himself. They were so suprised.', '1', '/images/post/pic4.jpg', 'picture 4', '2020-03-22 13:20:14', ''),
(5, 'Personality', 'Born to Run is the third studio album by American singer-songwriter Bruce Springsteen. As his effort to break into the mainstream, the album was a commercial success, peaking at number three on the Billboard 200 and eventually selling six million copies i', '1', '/images/post/pic5.jpg', 'picture 5', '2020-03-22 13:20:14', ''),
(6, 'Getting Warmer', 'Dark Light is the fifth studio album by Finnish gothic rock band HIM. Released on 26 September 2005, HIM began recording the album in March 2005 at the Paramour Estate is Los Angeles, California, with producer Tim Palmer, who had also mixed the band\'s pre', '1', '/images/post/pic6.jpg', 'picture 6', '2020-03-22 13:20:14', ''),
(7, 'Dark Light', 'After moving back to the United States from Cornwall, England in 1978 and settling in Woodstock, New York, twenty-three-year-old VanWarmer signed to local label Bearsville Records. A year later Warmer was released and produced by Del Newman.', '0', '/images/post/pic7.jpg', 'picture 7', '2020-03-22 13:20:14', ''),
(8, 'Indie Music', 'Dark Light is the fifth studio album by Finnish gothic rock band HIM. Released on 26 September 2005, HIM began recording the album in March 2005 at the Paramour Estate is Los Angeles, California, with producer Tim Palmer, who had also mixed the band\'s pre', '0', '/images/post/pic8.jpg', 'picture 8', '2020-03-22 13:20:14', ''),
(9, 'The Wall', 'Imagine is the third studio album by Dutch DJ and record producer Armin van Buuren. It was released on 18 April 2008 by Armada Music. The album entered the Dutch album chart at number one. In the US, it debuted at number 4 on the Billboard Dance/Electroni', '0', '/images/post/pic9.jpg', 'picture 9', '2020-03-22 13:20:14', ''),
(10, 'Let It Be', 'Since Let It Be was The Beatles last album, it made an appropriate statement about leaving problems behind and moving on in life. The album was supposed to convey an entirely different message.', '0', '/images/post/pic10.jpg', 'picture 10', '2020-03-22 13:20:14', ''),
(11, 'Back to Black', 'Tunnel of Love is the eighth studio album by Bruce Springsteen, released on October 9, 1987. Although members of the E Street Band occasionally performed on the album, Springsteen recorded most of the parts himself, often with drum machines and synthesize', '0', '/images/post/pic11.jpg', 'picture 11', '2020-03-22 13:20:14', ''),
(12, 'Love', 'Parklife is the third studio album by the English rock band Blur, released in April 1994 on Food Records. After disappointing sales for their previous album Modern Life Is Rubbish (1993).', '0', '/images/post/pic12.jpg', 'picture 12', '2020-03-22 13:20:14', ''),
(13, 'My Gift is You', 'The Wall is the eleventh studio album by English rock band Pink Floyd, released in 1979 through Harvest and Columbia Records.', '0', '/images/post/pic13.jpg', 'picture 13', '2020-03-22 13:20:14', ''),
(14, 'The Dark', 'After moving back to the United States from Cornwall, England in 1978 and settling in Woodstock, New York, twenty-three-year-old VanWarmer signed to local label Bearsville Records.', '0', '/images/post/pic14.jpg', 'picture 14', '2020-03-22 13:20:14', ''),
(15, 'Tunnel of Love', 'The Chronic is the debut studio album by American hip hop recording artist Dr. Dre. It was released on December 15, 1992, by his own record label Death Row Records and distributed by Interscope Records and Priority Records.', '0', '/images/post/pic15.jpg', 'picture 15', '2020-03-22 13:20:14', '');

-- --------------------------------------------------------

--
-- Table structure for table `requests`
--

CREATE TABLE `requests` (
  `id` int(11) NOT NULL,
  `created_at` timestamp NOT NULL DEFAULT CURRENT_TIMESTAMP,
  `ip` varchar(40) NOT NULL,
  `route_name` varchar(250) CHARACTER SET utf8 COLLATE utf8_unicode_ci NOT NULL
) ENGINE=InnoDB DEFAULT CHARSET=latin1;

--
-- Dumping data for table `requests`
--

INSERT INTO `requests` (`id`, `created_at`, `ip`, `route_name`) VALUES
(582, '2020-03-25 12:35:07', '127.0.0.1', '/'),
(583, '2020-03-25 12:35:09', '127.0.0.1', 'admin'),
(584, '2020-03-25 12:35:10', '127.0.0.1', 'admin/actionsAdmin'),
(585, '2020-03-25 12:38:58', '127.0.0.1', '/'),
(586, '2020-03-25 12:38:59', '127.0.0.1', 'contact'),
(587, '2020-03-25 12:39:14', '127.0.0.1', 'insertContactMessage'),
(588, '2020-03-25 12:40:05', '127.0.0.1', 'insertContactMessage'),
(589, '2020-03-25 12:40:55', '127.0.0.1', 'contact'),
(590, '2020-03-25 12:41:06', '127.0.0.1', 'insertContactMessage'),
(591, '2020-03-25 12:46:23', '127.0.0.1', 'admin'),
(592, '2020-03-25 12:46:26', '127.0.0.1', 'admin/actionsAdmin'),
(593, '2020-03-25 12:48:23', '127.0.0.1', 'admin/actionsAdmin'),
(594, '2020-03-25 12:49:33', '127.0.0.1', 'admin/actionsAdmin'),
(595, '2020-03-25 12:49:47', '127.0.0.1', 'admin/actionsAdmin'),
(596, '2020-03-25 12:51:56', '127.0.0.1', 'admin/actionsAdmin'),
(597, '2020-03-25 13:04:49', '127.0.0.1', 'admin/tablesUsersAdmin'),
(598, '2020-03-25 13:07:32', '127.0.0.1', 'admin/tablesUsersAdmin'),
(599, '2020-03-25 13:15:12', '127.0.0.1', 'admin/tablesUsersAdmin'),
(600, '2020-03-25 13:15:31', '127.0.0.1', 'admin/tablesUsersAdmin'),
(601, '2020-03-25 13:17:06', '127.0.0.1', 'admin/tablesUsersAdmin'),
(602, '2020-03-25 13:45:36', '127.0.0.1', 'admin/tablesUsersAdmin'),
(603, '2020-03-25 14:20:19', '127.0.0.1', 'admin/tablesUsersAdmin'),
(604, '2020-03-25 14:20:22', '127.0.0.1', 'admin/tablesUsersAdmin'),
(605, '2020-03-25 14:22:10', '127.0.0.1', 'admin/tablesUsersAdmin'),
(606, '2020-03-25 14:24:09', '127.0.0.1', 'admin/tablesUsersAdmin'),
(607, '2020-03-25 14:24:13', '127.0.0.1', 'admin/deleteUser/{id}'),
(608, '2020-03-25 14:24:38', '127.0.0.1', 'admin/tablesUsersAdmin'),
(609, '2020-03-25 14:26:04', '127.0.0.1', '/'),
(610, '2020-03-25 14:26:07', '127.0.0.1', 'logout'),
(611, '2020-03-25 14:26:07', '127.0.0.1', '/'),
(612, '2020-03-25 14:26:08', '127.0.0.1', 'register'),
(613, '2020-03-25 14:26:21', '127.0.0.1', 'doRegister'),
(614, '2020-03-25 14:26:23', '127.0.0.1', 'login'),
(615, '2020-03-25 14:26:24', '127.0.0.1', 'login'),
(616, '2020-03-25 14:26:29', '127.0.0.1', 'doLogin'),
(617, '2020-03-25 14:26:31', '127.0.0.1', '/'),
(618, '2020-03-25 14:26:32', '127.0.0.1', 'admin'),
(619, '2020-03-25 14:26:36', '127.0.0.1', 'admin/tablesUsersAdmin'),
(620, '2020-03-25 14:26:39', '127.0.0.1', 'admin/deleteUser/{id}'),
(621, '2020-03-25 14:26:41', '127.0.0.1', 'admin/tablesUsersAdmin'),
(622, '2020-03-25 14:26:55', '127.0.0.1', 'admin/tablesPostsAdmin'),
(623, '2020-03-25 14:27:36', '127.0.0.1', 'admin/tablesPostsAdmin'),
(624, '2020-03-25 14:28:25', '127.0.0.1', 'admin/tablesUsersAdmin'),
(625, '2020-03-25 14:28:37', '127.0.0.1', 'admin/tablesPostsAdmin'),
(626, '2020-03-25 14:30:02', '127.0.0.1', 'admin/tablesPostsAdmin'),
(627, '2020-03-25 14:32:01', '127.0.0.1', 'admin/tablesPostsAdmin'),
(628, '2020-03-25 14:33:33', '127.0.0.1', 'admin/tablesPostsAdmin'),
(629, '2020-03-25 14:43:32', '127.0.0.1', 'admin/tablesPostsAdmin'),
(630, '2020-03-25 14:45:42', '127.0.0.1', 'admin/tablesPostsAdmin'),
(631, '2020-03-25 14:45:47', '127.0.0.1', 'admin/deleteBlog/{id}'),
(632, '2020-03-25 14:45:48', '127.0.0.1', 'admin/tablesPostsAdmin'),
(633, '2020-03-25 14:46:25', '127.0.0.1', 'admin/tablesPostsAdmin'),
(634, '2020-03-25 14:46:30', '127.0.0.1', 'admin/deleteCategory/{id}'),
(635, '2020-03-25 14:46:31', '127.0.0.1', 'admin/tablesPostsAdmin'),
(636, '2020-03-25 14:46:50', '127.0.0.1', 'admin/mailBoxAdmin'),
(637, '2020-03-25 14:57:08', '127.0.0.1', 'admin/mailBoxAdmin'),
(638, '2020-03-25 14:57:11', '127.0.0.1', 'admin/deleteMessage/{id}'),
(639, '2020-03-25 14:57:12', '127.0.0.1', 'admin/mailBoxAdmin'),
(640, '2020-03-25 14:57:27', '127.0.0.1', 'admin/actionsAdmin'),
(641, '2020-03-25 14:57:31', '127.0.0.1', 'admin'),
(642, '2020-03-25 14:59:32', '127.0.0.1', '/'),
(643, '2020-03-25 15:10:45', '127.0.0.1', 'blog'),
(644, '2020-03-25 15:10:46', '127.0.0.1', 'blogToShow'),
(645, '2020-03-25 15:10:46', '127.0.0.1', 'paginationBlog'),
(646, '2020-03-25 15:11:55', '127.0.0.1', 'blog'),
(647, '2020-03-25 15:11:55', '127.0.0.1', 'blogToShow'),
(648, '2020-03-25 15:11:55', '127.0.0.1', 'paginationBlog'),
(649, '2020-03-25 15:14:43', '127.0.0.1', '/'),
(650, '2020-03-25 15:14:46', '127.0.0.1', 'blog'),
(651, '2020-03-25 15:14:47', '127.0.0.1', 'blogToShow'),
(652, '2020-03-25 15:14:47', '127.0.0.1', 'paginationBlog'),
(653, '2020-03-25 15:16:04', '127.0.0.1', 'blog'),
(654, '2020-03-25 15:16:05', '127.0.0.1', 'blogToShow'),
(655, '2020-03-25 15:16:05', '127.0.0.1', 'paginationBlog'),
(656, '2020-03-25 15:16:15', '127.0.0.1', 'insertBlog'),
(657, '2020-03-25 15:17:38', '127.0.0.1', 'blog'),
(658, '2020-03-25 15:17:38', '127.0.0.1', 'blogToShow'),
(659, '2020-03-25 15:17:38', '127.0.0.1', 'paginationBlog'),
(660, '2020-03-25 15:17:52', '127.0.0.1', 'insertBlog'),
(661, '2020-03-25 15:25:41', '127.0.0.1', 'blog'),
(662, '2020-03-25 15:25:42', '127.0.0.1', 'blogToShow'),
(663, '2020-03-25 15:25:42', '127.0.0.1', 'paginationBlog'),
(664, '2020-03-25 15:25:46', '127.0.0.1', 'logout'),
(665, '2020-03-25 15:25:46', '127.0.0.1', '/'),
(666, '2020-03-25 15:25:46', '127.0.0.1', 'login'),
(667, '2020-03-25 15:25:50', '127.0.0.1', 'login'),
(668, '2020-03-25 15:25:52', '127.0.0.1', 'login'),
(669, '2020-03-25 15:25:59', '127.0.0.1', 'login'),
(670, '2020-03-25 15:26:07', '127.0.0.1', 'doLogin'),
(671, '2020-03-25 15:26:12', '127.0.0.1', 'doLogin'),
(672, '2020-03-25 15:26:25', '127.0.0.1', 'register'),
(673, '2020-03-25 15:27:05', '127.0.0.1', 'doRegister'),
(674, '2020-03-25 15:27:06', '127.0.0.1', 'login'),
(675, '2020-03-25 15:27:13', '127.0.0.1', 'doLogin'),
(676, '2020-03-25 15:27:15', '127.0.0.1', '/'),
(677, '2020-03-25 15:27:22', '127.0.0.1', 'admin'),
(678, '2020-03-25 15:27:22', '127.0.0.1', '/'),
(679, '2020-03-25 15:27:30', '127.0.0.1', 'login'),
(680, '2020-03-25 15:27:30', '127.0.0.1', '/'),
(681, '2020-03-25 15:27:38', '127.0.0.1', 'register'),
(682, '2020-03-25 15:27:38', '127.0.0.1', '/'),
(683, '2020-03-25 15:27:41', '127.0.0.1', '/'),
(684, '2020-03-25 15:27:45', '127.0.0.1', 'logout'),
(685, '2020-03-25 15:27:46', '127.0.0.1', '/'),
(686, '2020-03-25 15:28:00', '127.0.0.1', 'logout'),
(687, '2020-03-25 15:28:01', '127.0.0.1', 'login'),
(688, '2020-03-25 15:28:05', '127.0.0.1', '/'),
(689, '2020-03-25 15:28:28', '127.0.0.1', 'login'),
(690, '2020-03-25 15:28:32', '127.0.0.1', 'doLogin'),
(691, '2020-03-25 15:28:33', '127.0.0.1', '/'),
(692, '2020-03-25 15:28:34', '127.0.0.1', 'admin'),
(693, '2020-03-25 15:28:38', '127.0.0.1', 'admin/tablesUsersAdmin'),
(694, '2020-03-25 15:29:35', '127.0.0.1', 'admin/tablesUsersAdmin'),
(695, '2020-03-25 15:32:53', '127.0.0.1', 'admin/tablesPostsAdmin'),
(696, '2020-03-25 15:52:58', '127.0.0.1', 'admin/tablesPostsAdmin'),
(697, '2020-03-25 15:54:04', '127.0.0.1', 'admin/tablesPostsAdmin'),
(698, '2020-03-25 15:54:14', '127.0.0.1', '/'),
(699, '2020-03-25 15:54:17', '127.0.0.1', 'admin'),
(700, '2020-03-25 15:55:06', '127.0.0.1', 'admin'),
(701, '2020-03-25 15:55:07', '127.0.0.1', 'admin'),
(702, '2020-03-25 15:55:09', '127.0.0.1', 'admin/formPostInsert'),
(703, '2020-03-25 15:59:50', '127.0.0.1', 'admin/formPostInsert'),
(704, '2020-03-25 15:59:52', '127.0.0.1', 'admin/formPostInsert'),
(705, '2020-03-25 16:01:59', '127.0.0.1', 'admin/formPostInsert'),
(706, '2020-03-25 16:02:01', '127.0.0.1', 'admin/formPostInsert'),
(707, '2020-03-25 16:02:52', '127.0.0.1', 'admin/formPostInsert'),
(708, '2020-03-25 16:04:39', '127.0.0.1', 'admin/formPostInsert'),
(709, '2020-03-25 16:05:53', '127.0.0.1', 'admin/formPostInsert'),
(710, '2020-03-25 16:05:54', '127.0.0.1', 'admin/formPostInsert'),
(711, '2020-03-25 16:05:55', '127.0.0.1', 'admin/formPostInsert'),
(712, '2020-03-25 16:06:02', '127.0.0.1', 'admin/formPostInsert'),
(713, '2020-03-25 16:06:11', '127.0.0.1', 'admin/formPostInsert'),
(714, '2020-03-25 16:06:15', '127.0.0.1', 'admin/formPostInsert'),
(715, '2020-03-25 16:06:39', '127.0.0.1', 'admin/formPostInsert'),
(716, '2020-03-25 16:06:40', '127.0.0.1', 'admin/formPostInsert'),
(717, '2020-03-25 16:06:41', '127.0.0.1', 'admin/formPostInsert'),
(718, '2020-03-25 16:06:42', '127.0.0.1', 'admin/formPostInsert'),
(719, '2020-03-25 16:06:48', '127.0.0.1', 'admin/formPostInsert'),
(720, '2020-03-25 16:33:34', '127.0.0.1', 'admin/formPostInsert'),
(721, '2020-03-25 16:34:11', '127.0.0.1', 'admin/formPostInsert'),
(722, '2020-03-25 16:34:23', '127.0.0.1', 'admin/formPostInsert'),
(723, '2020-03-25 16:34:30', '127.0.0.1', 'admin/formPostInsert'),
(724, '2020-03-25 16:35:12', '127.0.0.1', 'admin/formPostInsert'),
(725, '2020-03-25 16:35:13', '127.0.0.1', 'admin/formPostInsert'),
(726, '2020-03-25 16:35:15', '127.0.0.1', 'admin/formPostInsert'),
(727, '2020-03-25 16:35:16', '127.0.0.1', 'admin/formPostInsert'),
(728, '2020-03-25 16:36:05', '127.0.0.1', 'admin/formPostInsert'),
(729, '2020-03-25 16:38:27', '127.0.0.1', 'admin/formPostInsert'),
(730, '2020-03-25 16:39:06', '127.0.0.1', 'admin/formPostInsert'),
(731, '2020-03-25 16:42:29', '127.0.0.1', 'admin/formPostInsert'),
(732, '2020-03-25 16:43:30', '127.0.0.1', 'admin/formPostInsert'),
(733, '2020-03-25 16:43:48', '127.0.0.1', 'admin/formPostInsert'),
(734, '2020-03-25 16:43:59', '127.0.0.1', 'admin/formPostInsert'),
(735, '2020-03-25 16:44:19', '127.0.0.1', 'admin/formPostInsert'),
(736, '2020-03-25 16:44:26', '127.0.0.1', 'admin/formPostInsert'),
(737, '2020-03-25 16:44:33', '127.0.0.1', 'admin/formPostInsert'),
(738, '2020-03-25 16:44:36', '127.0.0.1', 'admin/formPostInsert'),
(739, '2020-03-25 16:44:42', '127.0.0.1', 'admin/formPostInsert'),
(740, '2020-03-25 16:44:50', '127.0.0.1', 'admin/formPostInsert'),
(741, '2020-03-25 16:45:03', '127.0.0.1', 'admin/formPostInsert'),
(742, '2020-03-25 16:45:09', '127.0.0.1', 'admin/formPostInsert'),
(743, '2020-03-25 16:45:11', '127.0.0.1', 'admin/formPostInsert'),
(744, '2020-03-25 16:45:48', '127.0.0.1', 'admin/formPostInsert'),
(745, '2020-03-25 16:50:59', '127.0.0.1', 'admin/formPostInsert'),
(746, '2020-03-25 16:51:00', '127.0.0.1', 'admin/formPostInsert'),
(747, '2020-03-25 16:51:02', '127.0.0.1', 'admin/formUserInsert'),
(748, '2020-03-25 16:51:07', '127.0.0.1', 'admin/formUserInsert'),
(749, '2020-03-25 16:51:14', '127.0.0.1', 'admin/formUserInsert'),
(750, '2020-03-25 16:51:48', '127.0.0.1', 'admin/formUserInsert'),
(751, '2020-03-25 16:51:59', '127.0.0.1', 'admin/formUserInsert'),
(752, '2020-03-25 16:52:07', '127.0.0.1', 'admin'),
(753, '2020-03-25 16:52:10', '127.0.0.1', 'admin/tablesPostsAdmin'),
(754, '2020-03-25 16:52:16', '127.0.0.1', 'admin'),
(755, '2020-03-25 16:52:19', '127.0.0.1', 'admin/formUserInsert'),
(756, '2020-03-25 16:53:03', '127.0.0.1', 'admin/formUserInsert'),
(757, '2020-03-25 16:58:29', '127.0.0.1', 'admin/formUserInsert'),
(758, '2020-03-25 16:58:55', '127.0.0.1', 'admin/formUserInsert'),
(759, '2020-03-25 16:59:03', '127.0.0.1', 'admin/formUserInsert'),
(760, '2020-03-25 17:00:05', '127.0.0.1', 'admin/formUserInsert'),
(761, '2020-03-25 17:05:09', '127.0.0.1', 'admin/formUserInsert'),
(762, '2020-03-25 17:05:40', '127.0.0.1', 'doRegister'),
(763, '2020-03-25 17:05:41', '127.0.0.1', 'login'),
(764, '2020-03-25 17:05:41', '127.0.0.1', '/'),
(765, '2020-03-25 17:05:48', '127.0.0.1', 'admin'),
(766, '2020-03-25 17:05:51', '127.0.0.1', 'admin/tablesUsersAdmin'),
(767, '2020-03-25 17:06:06', '127.0.0.1', 'admin/tablesPostsAdmin'),
(768, '2020-03-25 17:06:09', '127.0.0.1', 'admin/tablesUsersAdmin'),
(769, '2020-03-25 17:06:23', '127.0.0.1', 'admin/deleteUser/{id}'),
(770, '2020-03-25 17:06:25', '127.0.0.1', 'admin/tablesUsersAdmin'),
(771, '2020-03-25 17:07:11', '127.0.0.1', 'admin/tablesUsersAdmin'),
(772, '2020-03-25 17:07:16', '127.0.0.1', 'admin/formPostInsert'),
(773, '2020-03-25 17:07:21', '127.0.0.1', 'admin/tablesPostsAdmin'),
(774, '2020-03-25 17:07:27', '127.0.0.1', 'admin/tablesUsersAdmin'),
(775, '2020-03-25 17:07:30', '127.0.0.1', 'admin/formUserInsert'),
(776, '2020-03-25 17:07:34', '127.0.0.1', 'admin/actionsAdmin'),
(777, '2020-03-25 17:08:26', '127.0.0.1', 'admin/actionsAdmin'),
(778, '2020-03-25 17:08:34', '127.0.0.1', 'admin/actionsAdmin'),
(779, '2020-03-25 17:08:55', '127.0.0.1', 'admin/actionsAdmin'),
(780, '2020-03-25 17:09:00', '127.0.0.1', 'admin/actionsAdmin'),
(781, '2020-03-25 17:09:12', '127.0.0.1', 'admin/actionsAdmin'),
(782, '2020-03-25 17:09:23', '127.0.0.1', 'admin/actionsAdmin'),
(783, '2020-03-25 17:09:40', '127.0.0.1', 'admin/actionsAdmin'),
(784, '2020-03-25 17:22:50', '127.0.0.1', '/'),
(785, '2020-03-25 17:22:54', '127.0.0.1', 'gallery'),
(786, '2020-03-25 17:22:54', '127.0.0.1', 'sort'),
(787, '2020-03-25 17:22:54', '127.0.0.1', 'paginationGallery'),
(788, '2020-03-25 17:22:55', '127.0.0.1', 'sort'),
(789, '2020-03-25 17:22:56', '127.0.0.1', 'paginationGallery'),
(790, '2020-03-25 17:22:56', '127.0.0.1', 'sort'),
(791, '2020-03-25 17:22:57', '127.0.0.1', 'paginationGallery'),
(792, '2020-03-25 17:22:59', '127.0.0.1', 'sort'),
(793, '2020-03-25 17:22:59', '127.0.0.1', 'paginationGallery'),
(794, '2020-03-25 17:23:00', '127.0.0.1', 'sort'),
(795, '2020-03-25 17:23:00', '127.0.0.1', 'paginationGallery'),
(796, '2020-03-25 17:23:02', '127.0.0.1', 'sort'),
(797, '2020-03-25 17:23:02', '127.0.0.1', 'paginationGallery'),
(798, '2020-03-25 17:23:04', '127.0.0.1', 'sort'),
(799, '2020-03-25 17:23:04', '127.0.0.1', 'paginationGallery'),
(800, '2020-03-25 17:23:06', '127.0.0.1', 'sort'),
(801, '2020-03-25 17:23:06', '127.0.0.1', 'paginationGallery'),
(802, '2020-03-25 17:23:07', '127.0.0.1', 'sort'),
(803, '2020-03-25 17:23:07', '127.0.0.1', 'paginationGallery'),
(804, '2020-03-25 17:23:08', '127.0.0.1', 'sort'),
(805, '2020-03-25 17:23:08', '127.0.0.1', 'paginationGallery'),
(806, '2020-03-25 17:23:16', '127.0.0.1', 'blog'),
(807, '2020-03-25 17:23:17', '127.0.0.1', 'blogToShow'),
(808, '2020-03-25 17:23:17', '127.0.0.1', 'paginationBlog'),
(809, '2020-03-25 17:23:18', '127.0.0.1', 'blogToShow'),
(810, '2020-03-25 17:23:18', '127.0.0.1', 'paginationBlog'),
(811, '2020-03-25 17:23:19', '127.0.0.1', 'blogToShow'),
(812, '2020-03-25 17:23:19', '127.0.0.1', 'paginationBlog'),
(813, '2020-03-25 19:43:30', '127.0.0.1', '/'),
(814, '2020-03-25 19:46:45', '127.0.0.1', 'contact'),
(815, '2020-03-25 19:46:55', '127.0.0.1', 'insertContactMessage'),
(816, '2020-03-25 19:47:45', '127.0.0.1', 'contact'),
(817, '2020-03-25 19:47:46', '127.0.0.1', 'contact'),
(818, '2020-03-25 19:48:37', '127.0.0.1', 'insertContactMessage'),
(819, '2020-03-25 19:50:51', '127.0.0.1', 'contact'),
(820, '2020-03-25 19:51:01', '127.0.0.1', 'insertContactMessage'),
(821, '2020-03-25 19:51:35', '127.0.0.1', 'contact'),
(822, '2020-03-25 19:51:47', '127.0.0.1', 'insertContactMessage'),
(823, '2020-03-25 19:53:08', '127.0.0.1', 'contact'),
(824, '2020-03-25 19:53:23', '127.0.0.1', 'insertContactMessage'),
(825, '2020-03-25 19:53:51', '127.0.0.1', 'contact'),
(826, '2020-03-25 19:59:02', '127.0.0.1', 'login'),
(827, '2020-03-25 19:59:09', '127.0.0.1', 'doLogin'),
(828, '2020-03-25 19:59:11', '127.0.0.1', '/'),
(829, '2020-03-25 19:59:13', '127.0.0.1', 'admin'),
(830, '2020-03-25 19:59:16', '127.0.0.1', 'admin/actionsAdmin'),
(831, '2020-03-25 20:00:29', '127.0.0.1', 'admin/actionsAdmin'),
(832, '2020-03-25 20:00:44', '127.0.0.1', 'admin/actionsAdmin'),
(833, '2020-03-25 20:03:49', '127.0.0.1', 'admin/mailBoxAdmin'),
(834, '2020-03-25 20:03:55', '127.0.0.1', 'admin/deleteMessage/{id}'),
(835, '2020-03-25 20:03:57', '127.0.0.1', 'admin/mailBoxAdmin'),
(836, '2020-03-25 20:04:03', '127.0.0.1', 'admin'),
(837, '2020-03-25 20:08:37', '127.0.0.1', 'about'),
(838, '2020-03-25 20:08:39', '127.0.0.1', 'admin'),
(839, '2020-03-25 20:09:47', '127.0.0.1', 'admin/mailBoxAdmin'),
(840, '2020-03-25 20:09:53', '127.0.0.1', 'admin/formUserInsert'),
(841, '2020-03-25 20:09:58', '127.0.0.1', 'admin/tablesPostsAdmin'),
(842, '2020-03-25 20:10:18', '127.0.0.1', 'admin/tablesUsersAdmin'),
(843, '2020-03-25 20:10:23', '127.0.0.1', 'admin/tablesPostsAdmin'),
(844, '2020-03-25 20:10:31', '127.0.0.1', 'admin/formPostInsert'),
(845, '2020-03-25 20:12:10', '127.0.0.1', 'admin'),
(846, '2020-03-26 12:02:07', '127.0.0.1', '/'),
(847, '2020-03-26 12:02:09', '127.0.0.1', 'blog'),
(848, '2020-03-26 12:02:09', '127.0.0.1', 'blogToShow'),
(849, '2020-03-26 12:02:09', '127.0.0.1', 'paginationBlog'),
(850, '2020-03-26 12:02:47', '127.0.0.1', 'blog'),
(851, '2020-03-26 12:02:48', '127.0.0.1', 'blogToShow'),
(852, '2020-03-26 12:02:48', '127.0.0.1', 'paginationBlog'),
(853, '2020-03-26 12:03:24', '127.0.0.1', 'blog'),
(854, '2020-03-26 12:03:24', '127.0.0.1', 'blogToShow'),
(855, '2020-03-26 12:03:25', '127.0.0.1', 'paginationBlog'),
(856, '2020-03-26 12:03:44', '127.0.0.1', 'blog'),
(857, '2020-03-26 12:03:44', '127.0.0.1', 'blogToShow'),
(858, '2020-03-26 12:03:44', '127.0.0.1', 'paginationBlog'),
(859, '2020-03-26 12:04:00', '127.0.0.1', 'blog'),
(860, '2020-03-26 12:04:00', '127.0.0.1', 'blogToShow'),
(861, '2020-03-26 12:04:01', '127.0.0.1', 'paginationBlog'),
(862, '2020-03-26 12:04:10', '127.0.0.1', 'blog'),
(863, '2020-03-26 12:04:11', '127.0.0.1', 'blogToShow'),
(864, '2020-03-26 12:04:11', '127.0.0.1', 'paginationBlog'),
(865, '2020-03-26 12:04:26', '127.0.0.1', 'blog'),
(866, '2020-03-26 12:04:26', '127.0.0.1', 'blogToShow'),
(867, '2020-03-26 12:04:27', '127.0.0.1', 'paginationBlog'),
(868, '2020-03-26 12:04:33', '127.0.0.1', 'blog'),
(869, '2020-03-26 12:04:33', '127.0.0.1', 'blogToShow'),
(870, '2020-03-26 12:04:33', '127.0.0.1', 'paginationBlog'),
(871, '2020-03-26 12:04:43', '127.0.0.1', 'blog'),
(872, '2020-03-26 12:04:43', '127.0.0.1', 'blogToShow'),
(873, '2020-03-26 12:04:43', '127.0.0.1', 'paginationBlog'),
(874, '2020-03-26 12:04:51', '127.0.0.1', 'blog'),
(875, '2020-03-26 12:04:51', '127.0.0.1', 'blogToShow'),
(876, '2020-03-26 12:04:51', '127.0.0.1', 'paginationBlog'),
(877, '2020-03-26 12:04:58', '127.0.0.1', 'blog'),
(878, '2020-03-26 12:04:59', '127.0.0.1', 'blogToShow'),
(879, '2020-03-26 12:04:59', '127.0.0.1', 'paginationBlog'),
(880, '2020-03-26 12:05:10', '127.0.0.1', 'blog'),
(881, '2020-03-26 12:05:10', '127.0.0.1', 'blogToShow'),
(882, '2020-03-26 12:05:11', '127.0.0.1', 'paginationBlog'),
(883, '2020-03-26 12:05:12', '127.0.0.1', 'blog'),
(884, '2020-03-26 12:05:12', '127.0.0.1', 'blogToShow'),
(885, '2020-03-26 12:05:13', '127.0.0.1', 'paginationBlog'),
(886, '2020-03-26 12:05:22', '127.0.0.1', 'blog'),
(887, '2020-03-26 12:05:22', '127.0.0.1', 'blogToShow'),
(888, '2020-03-26 12:05:22', '127.0.0.1', 'paginationBlog'),
(889, '2020-03-26 12:17:40', '127.0.0.1', 'blog'),
(890, '2020-03-26 12:17:41', '127.0.0.1', 'blogToShow'),
(891, '2020-03-26 12:17:41', '127.0.0.1', 'paginationBlog'),
(892, '2020-03-26 12:17:42', '127.0.0.1', 'blogToShow'),
(893, '2020-03-26 12:17:42', '127.0.0.1', 'blogToShow'),
(894, '2020-03-26 12:17:42', '127.0.0.1', 'paginationBlog'),
(895, '2020-03-26 12:17:43', '127.0.0.1', 'paginationBlog'),
(896, '2020-03-26 12:17:43', '127.0.0.1', 'blogToShow'),
(897, '2020-03-26 12:17:43', '127.0.0.1', 'paginationBlog'),
(898, '2020-03-26 12:17:43', '127.0.0.1', 'blogToShow'),
(899, '2020-03-26 12:17:43', '127.0.0.1', 'paginationBlog'),
(900, '2020-03-26 12:17:53', '127.0.0.1', 'blogToShow'),
(901, '2020-03-26 12:17:53', '127.0.0.1', 'paginationBlog'),
(902, '2020-03-26 12:17:54', '127.0.0.1', 'blogToShow'),
(903, '2020-03-26 12:17:54', '127.0.0.1', 'paginationBlog'),
(904, '2020-03-26 12:17:55', '127.0.0.1', 'blogToShow'),
(905, '2020-03-26 12:17:55', '127.0.0.1', 'paginationBlog'),
(906, '2020-03-26 12:17:55', '127.0.0.1', 'blogToShow'),
(907, '2020-03-26 12:17:55', '127.0.0.1', 'blogToShow'),
(908, '2020-03-26 12:17:55', '127.0.0.1', 'paginationBlog'),
(909, '2020-03-26 12:17:56', '127.0.0.1', 'paginationBlog'),
(910, '2020-03-26 12:18:01', '127.0.0.1', 'blogToShow'),
(911, '2020-03-26 12:18:01', '127.0.0.1', 'paginationBlog'),
(912, '2020-03-26 12:18:23', '127.0.0.1', 'blogToShow'),
(913, '2020-03-26 12:18:23', '127.0.0.1', 'paginationBlog'),
(914, '2020-03-26 12:29:45', '127.0.0.1', 'blog'),
(915, '2020-03-26 12:29:45', '127.0.0.1', 'blogToShow'),
(916, '2020-03-26 12:29:46', '127.0.0.1', 'blogToShow'),
(917, '2020-03-26 12:30:19', '127.0.0.1', 'blog'),
(918, '2020-03-26 12:30:22', '127.0.0.1', 'blog'),
(919, '2020-03-26 12:30:22', '127.0.0.1', 'blogToShow'),
(920, '2020-03-26 12:30:23', '127.0.0.1', 'paginationBlog'),
(921, '2020-03-26 12:30:59', '127.0.0.1', 'blogToShow'),
(922, '2020-03-26 12:30:59', '127.0.0.1', 'paginationBlog'),
(923, '2020-03-26 12:31:06', '127.0.0.1', 'blog'),
(924, '2020-03-26 12:31:06', '127.0.0.1', 'blogToShow'),
(925, '2020-03-26 12:31:06', '127.0.0.1', 'paginationBlog'),
(926, '2020-03-26 12:31:09', '127.0.0.1', 'blogToShow'),
(927, '2020-03-26 12:31:09', '127.0.0.1', 'paginationBlog'),
(928, '2020-03-26 12:32:14', '127.0.0.1', 'blog'),
(929, '2020-03-26 12:32:14', '127.0.0.1', 'blogToShow'),
(930, '2020-03-26 12:32:14', '127.0.0.1', 'paginationBlog'),
(931, '2020-03-26 12:32:45', '127.0.0.1', 'blog'),
(932, '2020-03-26 12:32:45', '127.0.0.1', 'blogToShow'),
(933, '2020-03-26 12:32:45', '127.0.0.1', 'paginationBlog'),
(934, '2020-03-26 12:32:47', '127.0.0.1', 'blog'),
(935, '2020-03-26 12:32:47', '127.0.0.1', 'blogToShow'),
(936, '2020-03-26 12:32:47', '127.0.0.1', 'paginationBlog'),
(937, '2020-03-26 12:33:28', '127.0.0.1', 'blog'),
(938, '2020-03-26 12:33:29', '127.0.0.1', 'blogToShow'),
(939, '2020-03-26 12:33:29', '127.0.0.1', 'paginationBlog'),
(940, '2020-03-26 12:33:33', '127.0.0.1', 'blogToShow'),
(941, '2020-03-26 12:33:33', '127.0.0.1', 'paginationBlog'),
(942, '2020-03-26 12:33:36', '127.0.0.1', 'blogToShow'),
(943, '2020-03-26 12:33:36', '127.0.0.1', 'paginationBlog'),
(944, '2020-03-26 12:33:38', '127.0.0.1', 'blogToShow'),
(945, '2020-03-26 12:33:38', '127.0.0.1', 'paginationBlog'),
(946, '2020-03-26 12:33:39', '127.0.0.1', 'blogToShow'),
(947, '2020-03-26 12:33:39', '127.0.0.1', 'paginationBlog'),
(948, '2020-03-26 12:33:40', '127.0.0.1', 'blogToShow'),
(949, '2020-03-26 12:33:40', '127.0.0.1', 'paginationBlog'),
(950, '2020-03-26 12:33:40', '127.0.0.1', 'blogToShow'),
(951, '2020-03-26 12:33:40', '127.0.0.1', 'paginationBlog'),
(952, '2020-03-26 12:33:42', '127.0.0.1', 'blogToShow'),
(953, '2020-03-26 12:33:42', '127.0.0.1', 'paginationBlog'),
(954, '2020-03-26 12:33:42', '127.0.0.1', 'blogToShow'),
(955, '2020-03-26 12:33:43', '127.0.0.1', 'paginationBlog'),
(956, '2020-03-26 12:38:50', '127.0.0.1', 'blog'),
(957, '2020-03-26 12:38:51', '127.0.0.1', 'blogToShow'),
(958, '2020-03-26 12:38:51', '127.0.0.1', 'blogToShow'),
(959, '2020-03-26 12:39:28', '127.0.0.1', 'blog'),
(960, '2020-03-26 12:39:28', '127.0.0.1', 'blogToShow'),
(961, '2020-03-26 12:39:29', '127.0.0.1', 'paginationBlog'),
(962, '2020-03-26 12:39:32', '127.0.0.1', 'blogToShow'),
(963, '2020-03-26 12:39:32', '127.0.0.1', 'paginationBlog'),
(964, '2020-03-26 12:39:38', '127.0.0.1', 'blog'),
(965, '2020-03-26 12:39:38', '127.0.0.1', 'blogToShow'),
(966, '2020-03-26 12:39:38', '127.0.0.1', 'paginationBlog'),
(967, '2020-03-26 12:39:40', '127.0.0.1', 'blogToShow'),
(968, '2020-03-26 12:39:40', '127.0.0.1', 'paginationBlog'),
(969, '2020-03-26 12:39:42', '127.0.0.1', 'blogToShow'),
(970, '2020-03-26 12:39:42', '127.0.0.1', 'paginationBlog'),
(971, '2020-03-26 12:39:44', '127.0.0.1', 'blog'),
(972, '2020-03-26 12:39:44', '127.0.0.1', 'blogToShow'),
(973, '2020-03-26 12:39:45', '127.0.0.1', 'paginationBlog'),
(974, '2020-03-26 12:39:47', '127.0.0.1', 'blogToShow'),
(975, '2020-03-26 12:39:47', '127.0.0.1', 'blogToShow'),
(976, '2020-03-26 12:39:47', '127.0.0.1', 'paginationBlog'),
(977, '2020-03-26 12:39:47', '127.0.0.1', 'paginationBlog'),
(978, '2020-03-26 12:39:50', '127.0.0.1', 'blogToShow'),
(979, '2020-03-26 12:39:50', '127.0.0.1', 'paginationBlog'),
(980, '2020-03-26 12:39:51', '127.0.0.1', 'blog'),
(981, '2020-03-26 12:39:51', '127.0.0.1', 'blogToShow'),
(982, '2020-03-26 12:39:52', '127.0.0.1', 'paginationBlog'),
(983, '2020-03-26 12:40:00', '127.0.0.1', 'blogToShow'),
(984, '2020-03-26 12:40:00', '127.0.0.1', 'paginationBlog'),
(985, '2020-03-26 12:40:01', '127.0.0.1', 'blogToShow'),
(986, '2020-03-26 12:40:01', '127.0.0.1', 'paginationBlog'),
(987, '2020-03-26 12:40:03', '127.0.0.1', 'blogToShow'),
(988, '2020-03-26 12:40:03', '127.0.0.1', 'paginationBlog'),
(989, '2020-03-26 12:40:04', '127.0.0.1', 'blogToShow'),
(990, '2020-03-26 12:40:04', '127.0.0.1', 'paginationBlog'),
(991, '2020-03-26 12:40:07', '127.0.0.1', 'blogToShow'),
(992, '2020-03-26 12:40:07', '127.0.0.1', 'paginationBlog'),
(993, '2020-03-26 12:40:12', '127.0.0.1', 'blogToShow'),
(994, '2020-03-26 12:40:12', '127.0.0.1', 'paginationBlog'),
(995, '2020-03-26 12:40:13', '127.0.0.1', 'blog'),
(996, '2020-03-26 12:40:14', '127.0.0.1', 'blogToShow'),
(997, '2020-03-26 12:40:14', '127.0.0.1', 'paginationBlog'),
(998, '2020-03-26 12:40:17', '127.0.0.1', 'blogToShow'),
(999, '2020-03-26 12:40:18', '127.0.0.1', 'paginationBlog'),
(1000, '2020-03-26 12:43:31', '127.0.0.1', 'blog'),
(1001, '2020-03-26 12:43:31', '127.0.0.1', 'blogToShow'),
(1002, '2020-03-26 12:43:31', '127.0.0.1', 'paginationBlog'),
(1003, '2020-03-26 12:45:57', '127.0.0.1', 'blog'),
(1004, '2020-03-26 12:45:58', '127.0.0.1', 'blogToShow'),
(1005, '2020-03-26 12:45:58', '127.0.0.1', 'paginationBlog'),
(1006, '2020-03-26 12:46:00', '127.0.0.1', 'blog'),
(1007, '2020-03-26 12:46:00', '127.0.0.1', 'blogToShow'),
(1008, '2020-03-26 12:46:00', '127.0.0.1', 'paginationBlog'),
(1009, '2020-03-26 12:46:05', '127.0.0.1', 'blogToShow'),
(1010, '2020-03-26 12:46:05', '127.0.0.1', 'paginationBlog'),
(1011, '2020-03-26 12:46:07', '127.0.0.1', 'blogToShow'),
(1012, '2020-03-26 12:46:07', '127.0.0.1', 'paginationBlog'),
(1013, '2020-03-26 12:46:16', '127.0.0.1', 'blogToShow'),
(1014, '2020-03-26 12:46:16', '127.0.0.1', 'paginationBlog'),
(1015, '2020-03-26 12:46:22', '127.0.0.1', 'blog'),
(1016, '2020-03-26 12:46:22', '127.0.0.1', 'blogToShow'),
(1017, '2020-03-26 12:46:23', '127.0.0.1', 'blogToShow'),
(1018, '2020-03-26 12:46:23', '127.0.0.1', 'paginationBlog'),
(1019, '2020-03-26 12:46:42', '127.0.0.1', 'blog'),
(1020, '2020-03-26 12:46:43', '127.0.0.1', 'blogToShow'),
(1021, '2020-03-26 12:46:43', '127.0.0.1', 'paginationBlog'),
(1022, '2020-03-26 12:47:00', '127.0.0.1', 'blog'),
(1023, '2020-03-26 12:47:01', '127.0.0.1', 'blogToShow'),
(1024, '2020-03-26 12:47:01', '127.0.0.1', 'paginationBlog'),
(1025, '2020-03-26 12:47:52', '127.0.0.1', 'blog'),
(1026, '2020-03-26 12:47:52', '127.0.0.1', 'blogToShow'),
(1027, '2020-03-26 12:47:52', '127.0.0.1', 'paginationBlog'),
(1028, '2020-03-26 12:47:55', '127.0.0.1', 'blogToShow'),
(1029, '2020-03-26 12:47:55', '127.0.0.1', 'paginationBlog'),
(1030, '2020-03-26 12:49:24', '127.0.0.1', 'blog'),
(1031, '2020-03-26 12:49:24', '127.0.0.1', 'blogToShow'),
(1032, '2020-03-26 12:49:24', '127.0.0.1', 'paginationBlog'),
(1033, '2020-03-26 12:49:26', '127.0.0.1', 'blogToShow'),
(1034, '2020-03-26 12:49:26', '127.0.0.1', 'paginationBlog'),
(1035, '2020-03-26 12:49:31', '127.0.0.1', 'blogToShow'),
(1036, '2020-03-26 12:49:31', '127.0.0.1', 'paginationBlog'),
(1037, '2020-03-26 12:49:32', '127.0.0.1', 'blogToShow'),
(1038, '2020-03-26 12:49:32', '127.0.0.1', 'paginationBlog'),
(1039, '2020-03-26 12:49:33', '127.0.0.1', 'blogToShow'),
(1040, '2020-03-26 12:49:33', '127.0.0.1', 'paginationBlog'),
(1041, '2020-03-26 12:49:36', '127.0.0.1', 'blogToShow'),
(1042, '2020-03-26 12:49:37', '127.0.0.1', 'blogToShow'),
(1043, '2020-03-26 12:49:37', '127.0.0.1', 'paginationBlog'),
(1044, '2020-03-26 12:49:37', '127.0.0.1', 'blogToShow'),
(1045, '2020-03-26 12:49:37', '127.0.0.1', 'paginationBlog'),
(1046, '2020-03-26 12:49:37', '127.0.0.1', 'blogToShow'),
(1047, '2020-03-26 12:49:37', '127.0.0.1', 'paginationBlog'),
(1048, '2020-03-26 12:49:37', '127.0.0.1', 'paginationBlog'),
(1049, '2020-03-26 12:49:39', '127.0.0.1', 'blogToShow'),
(1050, '2020-03-26 12:49:39', '127.0.0.1', 'paginationBlog'),
(1051, '2020-03-26 12:49:41', '127.0.0.1', 'blogToShow'),
(1052, '2020-03-26 12:49:41', '127.0.0.1', 'paginationBlog'),
(1053, '2020-03-26 12:49:48', '127.0.0.1', 'blog'),
(1054, '2020-03-26 12:49:48', '127.0.0.1', 'blogToShow'),
(1055, '2020-03-26 12:49:49', '127.0.0.1', 'blogToShow'),
(1056, '2020-03-26 12:49:49', '127.0.0.1', 'paginationBlog'),
(1057, '2020-03-26 12:49:51', '127.0.0.1', 'blogToShow'),
(1058, '2020-03-26 12:49:51', '127.0.0.1', 'paginationBlog'),
(1059, '2020-03-26 12:49:52', '127.0.0.1', 'blogToShow'),
(1060, '2020-03-26 12:49:52', '127.0.0.1', 'paginationBlog'),
(1061, '2020-03-26 12:49:53', '127.0.0.1', 'blogToShow'),
(1062, '2020-03-26 12:49:53', '127.0.0.1', 'paginationBlog'),
(1063, '2020-03-26 12:49:54', '127.0.0.1', 'blogToShow'),
(1064, '2020-03-26 12:49:54', '127.0.0.1', 'paginationBlog'),
(1065, '2020-03-26 12:49:55', '127.0.0.1', 'blogToShow'),
(1066, '2020-03-26 12:49:56', '127.0.0.1', 'paginationBlog'),
(1067, '2020-03-26 12:50:03', '127.0.0.1', 'blogToShow'),
(1068, '2020-03-26 12:50:03', '127.0.0.1', 'paginationBlog'),
(1069, '2020-03-26 12:50:03', '127.0.0.1', 'blogToShow'),
(1070, '2020-03-26 12:50:03', '127.0.0.1', 'paginationBlog'),
(1071, '2020-03-26 12:50:04', '127.0.0.1', 'blogToShow'),
(1072, '2020-03-26 12:50:04', '127.0.0.1', 'paginationBlog'),
(1073, '2020-03-26 12:50:04', '127.0.0.1', 'blogToShow'),
(1074, '2020-03-26 12:50:04', '127.0.0.1', 'paginationBlog'),
(1075, '2020-03-26 12:50:07', '127.0.0.1', 'blogToShow'),
(1076, '2020-03-26 12:50:07', '127.0.0.1', 'paginationBlog'),
(1077, '2020-03-26 12:50:07', '127.0.0.1', 'blogToShow'),
(1078, '2020-03-26 12:50:07', '127.0.0.1', 'blogToShow'),
(1079, '2020-03-26 12:50:07', '127.0.0.1', 'paginationBlog'),
(1080, '2020-03-26 12:50:07', '127.0.0.1', 'blogToShow'),
(1081, '2020-03-26 12:50:07', '127.0.0.1', 'paginationBlog'),
(1082, '2020-03-26 12:50:08', '127.0.0.1', 'blogToShow'),
(1083, '2020-03-26 12:50:08', '127.0.0.1', 'paginationBlog'),
(1084, '2020-03-26 12:50:08', '127.0.0.1', 'paginationBlog'),
(1085, '2020-03-26 12:50:08', '127.0.0.1', 'blog'),
(1086, '2020-03-26 12:50:08', '127.0.0.1', 'blogToShow'),
(1087, '2020-03-26 12:50:09', '127.0.0.1', 'blogToShow'),
(1088, '2020-03-26 12:50:09', '127.0.0.1', 'paginationBlog'),
(1089, '2020-03-26 12:50:11', '127.0.0.1', 'blogToShow'),
(1090, '2020-03-26 12:50:11', '127.0.0.1', 'paginationBlog'),
(1091, '2020-03-26 12:51:09', '127.0.0.1', 'blog'),
(1092, '2020-03-26 12:51:10', '127.0.0.1', 'blogToShow'),
(1093, '2020-03-26 12:51:10', '127.0.0.1', 'paginationBlog'),
(1094, '2020-03-26 12:51:16', '127.0.0.1', 'blog'),
(1095, '2020-03-26 12:51:16', '127.0.0.1', 'blogToShow'),
(1096, '2020-03-26 12:51:16', '127.0.0.1', 'paginationBlog'),
(1097, '2020-03-26 12:51:34', '127.0.0.1', 'blog'),
(1098, '2020-03-26 12:51:34', '127.0.0.1', 'blogToShow'),
(1099, '2020-03-26 12:51:34', '127.0.0.1', 'paginationBlog'),
(1100, '2020-03-26 12:53:30', '127.0.0.1', 'blog'),
(1101, '2020-03-26 12:53:31', '127.0.0.1', 'blogToShow'),
(1102, '2020-03-26 12:53:31', '127.0.0.1', 'paginationBlog'),
(1103, '2020-03-26 12:53:32', '127.0.0.1', 'blogToShow'),
(1104, '2020-03-26 12:53:32', '127.0.0.1', 'paginationBlog'),
(1105, '2020-03-26 12:53:47', '127.0.0.1', 'blogToShow'),
(1106, '2020-03-26 12:53:47', '127.0.0.1', 'paginationBlog'),
(1107, '2020-03-26 12:54:19', '127.0.0.1', 'blog'),
(1108, '2020-03-26 12:54:19', '127.0.0.1', 'blogToShow'),
(1109, '2020-03-26 12:54:20', '127.0.0.1', 'blogToShow'),
(1110, '2020-03-26 12:54:20', '127.0.0.1', 'paginationBlog'),
(1111, '2020-03-26 12:54:32', '127.0.0.1', 'blogToShow'),
(1112, '2020-03-26 12:54:32', '127.0.0.1', 'paginationBlog'),
(1113, '2020-03-26 13:04:05', '127.0.0.1', 'blog'),
(1114, '2020-03-26 13:04:06', '127.0.0.1', 'blogToShow'),
(1115, '2020-03-26 13:04:06', '127.0.0.1', 'paginationBlog'),
(1116, '2020-03-26 13:04:44', '127.0.0.1', 'blog'),
(1117, '2020-03-26 13:04:45', '127.0.0.1', 'blogToShow'),
(1118, '2020-03-26 13:04:45', '127.0.0.1', 'paginationBlog'),
(1119, '2020-03-26 13:04:46', '127.0.0.1', 'blogToShow'),
(1120, '2020-03-26 13:04:46', '127.0.0.1', 'paginationBlog'),
(1121, '2020-03-26 13:04:48', '127.0.0.1', 'blogToShow'),
(1122, '2020-03-26 13:04:48', '127.0.0.1', 'paginationBlog'),
(1123, '2020-03-26 13:04:50', '127.0.0.1', 'blogToShow'),
(1124, '2020-03-26 13:04:50', '127.0.0.1', 'paginationBlog'),
(1125, '2020-03-26 13:04:50', '127.0.0.1', 'blogToShow'),
(1126, '2020-03-26 13:04:50', '127.0.0.1', 'blogToShow'),
(1127, '2020-03-26 13:04:50', '127.0.0.1', 'paginationBlog'),
(1128, '2020-03-26 13:04:51', '127.0.0.1', 'blogToShow'),
(1129, '2020-03-26 13:04:51', '127.0.0.1', 'paginationBlog'),
(1130, '2020-03-26 13:04:51', '127.0.0.1', 'paginationBlog'),
(1131, '2020-03-26 13:04:51', '127.0.0.1', 'blogToShow'),
(1132, '2020-03-26 13:04:51', '127.0.0.1', 'paginationBlog'),
(1133, '2020-03-26 13:04:52', '127.0.0.1', 'blogToShow'),
(1134, '2020-03-26 13:04:52', '127.0.0.1', 'paginationBlog'),
(1135, '2020-03-26 13:04:52', '127.0.0.1', 'blogToShow'),
(1136, '2020-03-26 13:04:52', '127.0.0.1', 'blogToShow'),
(1137, '2020-03-26 13:04:52', '127.0.0.1', 'paginationBlog'),
(1138, '2020-03-26 13:04:52', '127.0.0.1', 'blogToShow'),
(1139, '2020-03-26 13:04:53', '127.0.0.1', 'paginationBlog'),
(1140, '2020-03-26 13:04:53', '127.0.0.1', 'blogToShow'),
(1141, '2020-03-26 13:04:53', '127.0.0.1', 'paginationBlog'),
(1142, '2020-03-26 13:04:53', '127.0.0.1', 'paginationBlog'),
(1143, '2020-03-26 13:04:54', '127.0.0.1', 'blogToShow'),
(1144, '2020-03-26 13:04:54', '127.0.0.1', 'paginationBlog'),
(1145, '2020-03-26 13:04:54', '127.0.0.1', 'blogToShow'),
(1146, '2020-03-26 13:04:54', '127.0.0.1', 'paginationBlog'),
(1147, '2020-03-26 13:04:55', '127.0.0.1', 'blogToShow'),
(1148, '2020-03-26 13:04:55', '127.0.0.1', 'paginationBlog'),
(1149, '2020-03-26 13:04:55', '127.0.0.1', 'blogToShow'),
(1150, '2020-03-26 13:04:56', '127.0.0.1', 'paginationBlog'),
(1151, '2020-03-26 13:04:56', '127.0.0.1', 'blogToShow'),
(1152, '2020-03-26 13:04:56', '127.0.0.1', 'paginationBlog'),
(1153, '2020-03-26 13:04:57', '127.0.0.1', 'blogToShow'),
(1154, '2020-03-26 13:04:57', '127.0.0.1', 'blogToShow'),
(1155, '2020-03-26 13:04:57', '127.0.0.1', 'paginationBlog'),
(1156, '2020-03-26 13:04:57', '127.0.0.1', 'paginationBlog'),
(1157, '2020-03-26 13:04:58', '127.0.0.1', 'blogToShow'),
(1158, '2020-03-26 13:04:58', '127.0.0.1', 'blogToShow'),
(1159, '2020-03-26 13:04:58', '127.0.0.1', 'paginationBlog'),
(1160, '2020-03-26 13:04:58', '127.0.0.1', 'paginationBlog'),
(1161, '2020-03-26 13:04:59', '127.0.0.1', 'blogToShow'),
(1162, '2020-03-26 13:04:59', '127.0.0.1', 'paginationBlog'),
(1163, '2020-03-26 13:04:59', '127.0.0.1', 'blogToShow'),
(1164, '2020-03-26 13:04:59', '127.0.0.1', 'blogToShow'),
(1165, '2020-03-26 13:04:59', '127.0.0.1', 'blogToShow'),
(1166, '2020-03-26 13:04:59', '127.0.0.1', 'paginationBlog'),
(1167, '2020-03-26 13:04:59', '127.0.0.1', 'blogToShow'),
(1168, '2020-03-26 13:05:00', '127.0.0.1', 'paginationBlog'),
(1169, '2020-03-26 13:05:00', '127.0.0.1', 'blogToShow'),
(1170, '2020-03-26 13:05:00', '127.0.0.1', 'paginationBlog'),
(1171, '2020-03-26 13:05:00', '127.0.0.1', 'blogToShow'),
(1172, '2020-03-26 13:05:00', '127.0.0.1', 'paginationBlog'),
(1173, '2020-03-26 13:05:00', '127.0.0.1', 'paginationBlog'),
(1174, '2020-03-26 13:05:00', '127.0.0.1', 'paginationBlog'),
(1175, '2020-03-26 13:05:02', '127.0.0.1', 'blog'),
(1176, '2020-03-26 13:05:02', '127.0.0.1', 'blogToShow'),
(1177, '2020-03-26 13:05:02', '127.0.0.1', 'blogToShow'),
(1178, '2020-03-26 13:05:02', '127.0.0.1', 'paginationBlog'),
(1179, '2020-03-26 13:05:03', '127.0.0.1', 'blogToShow'),
(1180, '2020-03-26 13:05:03', '127.0.0.1', 'paginationBlog'),
(1181, '2020-03-26 13:05:06', '127.0.0.1', 'blogToShow'),
(1182, '2020-03-26 13:05:06', '127.0.0.1', 'paginationBlog'),
(1183, '2020-03-26 13:05:07', '127.0.0.1', 'blogToShow'),
(1184, '2020-03-26 13:05:07', '127.0.0.1', 'paginationBlog'),
(1185, '2020-03-26 13:05:07', '127.0.0.1', 'blogToShow'),
(1186, '2020-03-26 13:05:08', '127.0.0.1', 'paginationBlog'),
(1187, '2020-03-26 13:05:08', '127.0.0.1', 'blogToShow'),
(1188, '2020-03-26 13:05:08', '127.0.0.1', 'paginationBlog'),
(1189, '2020-03-26 13:05:08', '127.0.0.1', 'blogToShow'),
(1190, '2020-03-26 13:05:08', '127.0.0.1', 'paginationBlog'),
(1191, '2020-03-26 13:05:09', '127.0.0.1', 'blogToShow'),
(1192, '2020-03-26 13:05:09', '127.0.0.1', 'paginationBlog'),
(1193, '2020-03-26 13:05:09', '127.0.0.1', 'blogToShow'),
(1194, '2020-03-26 13:05:09', '127.0.0.1', 'blogToShow'),
(1195, '2020-03-26 13:05:09', '127.0.0.1', 'paginationBlog'),
(1196, '2020-03-26 13:05:10', '127.0.0.1', 'paginationBlog'),
(1197, '2020-03-26 13:05:10', '127.0.0.1', 'blogToShow'),
(1198, '2020-03-26 13:05:10', '127.0.0.1', 'paginationBlog'),
(1199, '2020-03-26 13:05:10', '127.0.0.1', 'blogToShow'),
(1200, '2020-03-26 13:05:10', '127.0.0.1', 'blogToShow'),
(1201, '2020-03-26 13:05:10', '127.0.0.1', 'paginationBlog'),
(1202, '2020-03-26 13:05:10', '127.0.0.1', 'paginationBlog'),
(1203, '2020-03-26 13:05:11', '127.0.0.1', 'blogToShow'),
(1204, '2020-03-26 13:05:11', '127.0.0.1', 'paginationBlog'),
(1205, '2020-03-26 13:05:12', '127.0.0.1', 'blogToShow'),
(1206, '2020-03-26 13:05:12', '127.0.0.1', 'paginationBlog'),
(1207, '2020-03-26 13:05:13', '127.0.0.1', 'blogToShow'),
(1208, '2020-03-26 13:05:13', '127.0.0.1', 'paginationBlog'),
(1209, '2020-03-26 13:05:14', '127.0.0.1', 'blogToShow'),
(1210, '2020-03-26 13:05:14', '127.0.0.1', 'paginationBlog'),
(1211, '2020-03-26 13:05:16', '127.0.0.1', 'blogToShow'),
(1212, '2020-03-26 13:05:16', '127.0.0.1', 'paginationBlog'),
(1213, '2020-03-26 13:05:16', '127.0.0.1', 'blogToShow'),
(1214, '2020-03-26 13:05:17', '127.0.0.1', 'paginationBlog'),
(1215, '2020-03-26 13:05:17', '127.0.0.1', 'blogToShow'),
(1216, '2020-03-26 13:05:17', '127.0.0.1', 'paginationBlog'),
(1217, '2020-03-26 13:05:17', '127.0.0.1', 'blogToShow'),
(1218, '2020-03-26 13:05:17', '127.0.0.1', 'blogToShow'),
(1219, '2020-03-26 13:05:17', '127.0.0.1', 'paginationBlog'),
(1220, '2020-03-26 13:05:18', '127.0.0.1', 'blogToShow'),
(1221, '2020-03-26 13:05:18', '127.0.0.1', 'paginationBlog'),
(1222, '2020-03-26 13:05:18', '127.0.0.1', 'blogToShow'),
(1223, '2020-03-26 13:05:18', '127.0.0.1', 'paginationBlog'),
(1224, '2020-03-26 13:05:18', '127.0.0.1', 'paginationBlog'),
(1225, '2020-03-26 13:05:19', '127.0.0.1', 'blog'),
(1226, '2020-03-26 13:05:19', '127.0.0.1', 'blogToShow'),
(1227, '2020-03-26 13:05:19', '127.0.0.1', 'blogToShow'),
(1228, '2020-03-26 13:05:19', '127.0.0.1', 'paginationBlog'),
(1229, '2020-03-26 13:05:22', '127.0.0.1', 'blogToShow'),
(1230, '2020-03-26 13:05:22', '127.0.0.1', 'paginationBlog'),
(1231, '2020-03-26 13:05:23', '127.0.0.1', 'blogToShow'),
(1232, '2020-03-26 13:05:23', '127.0.0.1', 'paginationBlog'),
(1233, '2020-03-26 13:05:32', '127.0.0.1', 'blogToShow'),
(1234, '2020-03-26 13:05:33', '127.0.0.1', 'paginationBlog'),
(1235, '2020-03-26 13:05:33', '127.0.0.1', 'blogToShow'),
(1236, '2020-03-26 13:05:33', '127.0.0.1', 'paginationBlog'),
(1237, '2020-03-26 13:05:34', '127.0.0.1', 'blogToShow'),
(1238, '2020-03-26 13:05:34', '127.0.0.1', 'blogToShow'),
(1239, '2020-03-26 13:05:34', '127.0.0.1', 'paginationBlog'),
(1240, '2020-03-26 13:05:34', '127.0.0.1', 'blogToShow'),
(1241, '2020-03-26 13:05:34', '127.0.0.1', 'paginationBlog'),
(1242, '2020-03-26 13:05:34', '127.0.0.1', 'paginationBlog'),
(1243, '2020-03-26 13:05:37', '127.0.0.1', 'blogToShow'),
(1244, '2020-03-26 13:05:37', '127.0.0.1', 'blogToShow'),
(1245, '2020-03-26 13:05:37', '127.0.0.1', 'paginationBlog'),
(1246, '2020-03-26 13:05:37', '127.0.0.1', 'blogToShow'),
(1247, '2020-03-26 13:05:37', '127.0.0.1', 'paginationBlog'),
(1248, '2020-03-26 13:05:37', '127.0.0.1', 'paginationBlog'),
(1249, '2020-03-26 13:05:38', '127.0.0.1', 'blogToShow'),
(1250, '2020-03-26 13:05:39', '127.0.0.1', 'paginationBlog'),
(1251, '2020-03-26 13:05:39', '127.0.0.1', 'blogToShow'),
(1252, '2020-03-26 13:05:39', '127.0.0.1', 'blogToShow'),
(1253, '2020-03-26 13:05:39', '127.0.0.1', 'paginationBlog'),
(1254, '2020-03-26 13:05:39', '127.0.0.1', 'blogToShow'),
(1255, '2020-03-26 13:05:39', '127.0.0.1', 'paginationBlog'),
(1256, '2020-03-26 13:05:39', '127.0.0.1', 'paginationBlog'),
(1257, '2020-03-26 13:08:04', '127.0.0.1', 'blogToShow'),
(1258, '2020-03-26 13:08:04', '127.0.0.1', 'paginationBlog'),
(1259, '2020-03-26 13:08:05', '127.0.0.1', 'blog'),
(1260, '2020-03-26 13:08:05', '127.0.0.1', 'blogToShow'),
(1261, '2020-03-26 13:08:05', '127.0.0.1', 'blogToShow'),
(1262, '2020-03-26 13:08:05', '127.0.0.1', 'paginationBlog'),
(1263, '2020-03-26 13:08:07', '127.0.0.1', 'blogToShow'),
(1264, '2020-03-26 13:08:07', '127.0.0.1', 'paginationBlog'),
(1265, '2020-03-26 13:08:16', '127.0.0.1', 'blog'),
(1266, '2020-03-26 13:08:16', '127.0.0.1', 'blogToShow'),
(1267, '2020-03-26 13:08:16', '127.0.0.1', 'blogToShow'),
(1268, '2020-03-26 13:08:16', '127.0.0.1', 'paginationBlog'),
(1269, '2020-03-26 13:08:17', '127.0.0.1', 'blogToShow'),
(1270, '2020-03-26 13:08:18', '127.0.0.1', 'paginationBlog'),
(1271, '2020-03-26 13:08:18', '127.0.0.1', 'blogToShow'),
(1272, '2020-03-26 13:08:18', '127.0.0.1', 'paginationBlog'),
(1273, '2020-03-26 13:08:18', '127.0.0.1', 'blogToShow'),
(1274, '2020-03-26 13:08:18', '127.0.0.1', 'blogToShow'),
(1275, '2020-03-26 13:08:19', '127.0.0.1', 'paginationBlog'),
(1276, '2020-03-26 13:08:19', '127.0.0.1', 'paginationBlog'),
(1277, '2020-03-26 13:08:20', '127.0.0.1', 'blogToShow'),
(1278, '2020-03-26 13:08:20', '127.0.0.1', 'paginationBlog'),
(1279, '2020-03-26 13:08:21', '127.0.0.1', 'blogToShow'),
(1280, '2020-03-26 13:08:21', '127.0.0.1', 'blogToShow'),
(1281, '2020-03-26 13:08:21', '127.0.0.1', 'blogToShow'),
(1282, '2020-03-26 13:08:21', '127.0.0.1', 'paginationBlog'),
(1283, '2020-03-26 13:08:21', '127.0.0.1', 'paginationBlog'),
(1284, '2020-03-26 13:08:21', '127.0.0.1', 'blogToShow'),
(1285, '2020-03-26 13:08:21', '127.0.0.1', 'paginationBlog'),
(1286, '2020-03-26 13:08:22', '127.0.0.1', 'paginationBlog'),
(1287, '2020-03-26 13:08:22', '127.0.0.1', 'blogToShow'),
(1288, '2020-03-26 13:08:22', '127.0.0.1', 'paginationBlog'),
(1289, '2020-03-26 13:08:23', '127.0.0.1', 'blogToShow'),
(1290, '2020-03-26 13:08:23', '127.0.0.1', 'paginationBlog'),
(1291, '2020-03-26 13:08:23', '127.0.0.1', 'blogToShow'),
(1292, '2020-03-26 13:08:23', '127.0.0.1', 'paginationBlog'),
(1293, '2020-03-26 13:08:24', '127.0.0.1', 'blogToShow'),
(1294, '2020-03-26 13:08:25', '127.0.0.1', 'blogToShow'),
(1295, '2020-03-26 13:08:25', '127.0.0.1', 'paginationBlog'),
(1296, '2020-03-26 13:08:25', '127.0.0.1', 'blogToShow'),
(1297, '2020-03-26 13:08:25', '127.0.0.1', 'paginationBlog'),
(1298, '2020-03-26 13:08:25', '127.0.0.1', 'blogToShow'),
(1299, '2020-03-26 13:08:25', '127.0.0.1', 'paginationBlog'),
(1300, '2020-03-26 13:08:26', '127.0.0.1', 'paginationBlog'),
(1301, '2020-03-26 13:09:12', '127.0.0.1', 'blogToShow'),
(1302, '2020-03-26 13:09:12', '127.0.0.1', 'paginationBlog'),
(1303, '2020-03-26 13:09:15', '127.0.0.1', 'blogToShow'),
(1304, '2020-03-26 13:09:15', '127.0.0.1', 'blogToShow'),
(1305, '2020-03-26 13:09:16', '127.0.0.1', 'paginationBlog'),
(1306, '2020-03-26 13:09:16', '127.0.0.1', 'blogToShow'),
(1307, '2020-03-26 13:09:16', '127.0.0.1', 'paginationBlog'),
(1308, '2020-03-26 13:09:16', '127.0.0.1', 'paginationBlog'),
(1309, '2020-03-26 13:09:16', '127.0.0.1', 'blogToShow'),
(1310, '2020-03-26 13:09:16', '127.0.0.1', 'paginationBlog'),
(1311, '2020-03-26 13:09:16', '127.0.0.1', 'blogToShow'),
(1312, '2020-03-26 13:09:17', '127.0.0.1', 'paginationBlog'),
(1313, '2020-03-26 13:09:18', '127.0.0.1', 'blogToShow'),
(1314, '2020-03-26 13:09:19', '127.0.0.1', 'paginationBlog'),
(1315, '2020-03-26 13:09:19', '127.0.0.1', 'blogToShow'),
(1316, '2020-03-26 13:09:19', '127.0.0.1', 'blogToShow'),
(1317, '2020-03-26 13:09:19', '127.0.0.1', 'blogToShow'),
(1318, '2020-03-26 13:09:19', '127.0.0.1', 'paginationBlog'),
(1319, '2020-03-26 13:09:19', '127.0.0.1', 'blogToShow'),
(1320, '2020-03-26 13:09:19', '127.0.0.1', 'paginationBlog'),
(1321, '2020-03-26 13:09:20', '127.0.0.1', 'paginationBlog'),
(1322, '2020-03-26 13:09:20', '127.0.0.1', 'paginationBlog'),
(1323, '2020-03-26 13:09:42', '127.0.0.1', '/'),
(1324, '2020-03-26 13:09:47', '127.0.0.1', 'gallery'),
(1325, '2020-03-26 13:09:47', '127.0.0.1', 'sort'),
(1326, '2020-03-26 13:09:47', '127.0.0.1', 'paginationGallery'),
(1327, '2020-03-26 13:09:50', '127.0.0.1', 'sort'),
(1328, '2020-03-26 13:09:50', '127.0.0.1', 'paginationGallery'),
(1329, '2020-03-26 13:09:51', '127.0.0.1', 'sort'),
(1330, '2020-03-26 13:09:51', '127.0.0.1', 'paginationGallery'),
(1331, '2020-03-26 13:09:54', '127.0.0.1', 'blog'),
(1332, '2020-03-26 13:09:55', '127.0.0.1', 'blogToShow'),
(1333, '2020-03-26 13:09:55', '127.0.0.1', 'paginationBlog'),
(1334, '2020-03-26 13:09:59', '127.0.0.1', 'contact'),
(1335, '2020-03-26 13:10:04', '127.0.0.1', 'about'),
(1336, '2020-03-26 13:11:24', '127.0.0.1', 'blog'),
(1337, '2020-03-26 13:11:24', '127.0.0.1', 'blogToShow'),
(1338, '2020-03-26 13:11:24', '127.0.0.1', 'paginationBlog'),
(1339, '2020-03-26 13:11:26', '127.0.0.1', 'blogToShow'),
(1340, '2020-03-26 13:11:26', '127.0.0.1', 'paginationBlog'),
(1341, '2020-03-26 13:11:26', '127.0.0.1', 'blogToShow'),
(1342, '2020-03-26 13:11:26', '127.0.0.1', 'paginationBlog'),
(1343, '2020-03-26 13:11:26', '127.0.0.1', 'blogToShow'),
(1344, '2020-03-26 13:11:26', '127.0.0.1', 'blogToShow'),
(1345, '2020-03-26 13:11:27', '127.0.0.1', 'paginationBlog'),
(1346, '2020-03-26 13:11:27', '127.0.0.1', 'paginationBlog'),
(1347, '2020-03-26 13:11:27', '127.0.0.1', 'blogToShow'),
(1348, '2020-03-26 13:11:27', '127.0.0.1', 'paginationBlog'),
(1349, '2020-03-26 13:11:27', '127.0.0.1', 'blogToShow'),
(1350, '2020-03-26 13:11:27', '127.0.0.1', 'paginationBlog'),
(1351, '2020-03-26 13:11:27', '127.0.0.1', 'blogToShow'),
(1352, '2020-03-26 13:11:28', '127.0.0.1', 'paginationBlog'),
(1353, '2020-03-26 13:11:29', '127.0.0.1', 'blogToShow'),
(1354, '2020-03-26 13:11:29', '127.0.0.1', 'paginationBlog'),
(1355, '2020-03-26 13:11:29', '127.0.0.1', 'blogToShow'),
(1356, '2020-03-26 13:11:29', '127.0.0.1', 'paginationBlog'),
(1357, '2020-03-26 13:11:29', '127.0.0.1', 'blogToShow'),
(1358, '2020-03-26 13:11:30', '127.0.0.1', 'paginationBlog'),
(1359, '2020-03-26 13:11:30', '127.0.0.1', 'blogToShow'),
(1360, '2020-03-26 13:11:30', '127.0.0.1', 'paginationBlog'),
(1361, '2020-03-26 13:11:30', '127.0.0.1', 'blogToShow'),
(1362, '2020-03-26 13:11:30', '127.0.0.1', 'paginationBlog'),
(1363, '2020-03-26 13:11:30', '127.0.0.1', 'blogToShow'),
(1364, '2020-03-26 13:11:30', '127.0.0.1', 'paginationBlog'),
(1365, '2020-03-26 13:11:31', '127.0.0.1', 'blogToShow'),
(1366, '2020-03-26 13:11:32', '127.0.0.1', 'paginationBlog'),
(1367, '2020-03-26 13:11:32', '127.0.0.1', 'blogToShow'),
(1368, '2020-03-26 13:11:32', '127.0.0.1', 'paginationBlog'),
(1369, '2020-03-26 13:11:32', '127.0.0.1', 'blogToShow'),
(1370, '2020-03-26 13:11:32', '127.0.0.1', 'paginationBlog'),
(1371, '2020-03-26 13:11:32', '127.0.0.1', 'blogToShow'),
(1372, '2020-03-26 13:11:32', '127.0.0.1', 'blogToShow'),
(1373, '2020-03-26 13:11:33', '127.0.0.1', 'paginationBlog'),
(1374, '2020-03-26 13:11:33', '127.0.0.1', 'paginationBlog'),
(1375, '2020-03-26 13:23:31', '127.0.0.1', 'blog'),
(1376, '2020-03-26 13:23:31', '127.0.0.1', 'blogToShow'),
(1377, '2020-03-26 13:23:32', '127.0.0.1', 'blogToShow'),
(1378, '2020-03-26 13:23:32', '127.0.0.1', 'paginationBlog'),
(1379, '2020-03-26 13:23:33', '127.0.0.1', 'login'),
(1380, '2020-03-26 13:23:39', '127.0.0.1', 'doLogin'),
(1381, '2020-03-26 13:23:41', '127.0.0.1', '/'),
(1382, '2020-03-26 13:24:19', '127.0.0.1', '/'),
(1383, '2020-03-26 13:24:21', '127.0.0.1', 'logout'),
(1384, '2020-03-26 13:24:21', '127.0.0.1', '/'),
(1385, '2020-03-26 13:24:22', '127.0.0.1', 'login'),
(1386, '2020-03-26 13:24:30', '127.0.0.1', 'doLogin'),
(1387, '2020-03-26 13:24:32', '127.0.0.1', '/'),
(1388, '2020-03-26 13:24:35', '127.0.0.1', 'logout'),
(1389, '2020-03-26 13:24:35', '127.0.0.1', '/'),
(1390, '2020-03-26 13:26:28', '127.0.0.1', 'login'),
(1391, '2020-03-26 13:26:33', '127.0.0.1', 'doLogin'),
(1392, '2020-03-26 13:26:37', '127.0.0.1', '/'),
(1393, '2020-03-26 13:26:39', '127.0.0.1', 'admin'),
(1394, '2020-03-26 13:26:43', '127.0.0.1', 'admin/tablesPostsAdmin'),
(1395, '2020-03-26 13:26:46', '127.0.0.1', 'admin/tablesUsersAdmin'),
(1396, '2020-03-26 13:26:58', '127.0.0.1', 'admin/tablesPostsAdmin'),
(1397, '2020-03-26 13:34:26', '127.0.0.1', '/'),
(1398, '2020-03-26 13:34:27', '127.0.0.1', 'blog'),
(1399, '2020-03-26 13:34:28', '127.0.0.1', 'blogToShow'),
(1400, '2020-03-26 13:34:28', '127.0.0.1', 'paginationBlog'),
(1401, '2020-03-26 13:41:59', '127.0.0.1', 'admin'),
(1402, '2020-03-26 13:42:02', '127.0.0.1', 'admin/tablesPostsAdmin'),
(1403, '2020-03-26 13:44:19', '127.0.0.1', 'admin/tablesPostsAdmin'),
(1404, '2020-03-26 13:55:42', '127.0.0.1', 'admin/tablesPostsAdmin'),
(1405, '2020-03-26 14:18:19', '127.0.0.1', 'admin/tablesUsersAdmin'),
(1406, '2020-03-26 14:18:20', '127.0.0.1', 'admin/tablesUsersAdmin'),
(1407, '2020-03-26 16:50:43', '127.0.0.1', '/'),
(1408, '2020-03-26 16:50:45', '127.0.0.1', 'login'),
(1409, '2020-03-26 16:50:51', '127.0.0.1', 'doLogin'),
(1410, '2020-03-26 16:50:52', '127.0.0.1', '/'),
(1411, '2020-03-26 16:50:53', '127.0.0.1', 'admin'),
(1412, '2020-03-26 16:50:55', '127.0.0.1', 'admin/tablesUsersAdmin'),
(1413, '2020-03-26 16:50:57', '127.0.0.1', 'admin/updateUser/{id}'),
(1414, '2020-03-26 16:51:17', '127.0.0.1', 'admin/tablesUsersAdmin'),
(1415, '2020-03-26 16:51:19', '127.0.0.1', 'admin/updateUser/{id}'),
(1416, '2020-03-26 16:53:52', '127.0.0.1', 'admin/updateUser/{id}'),
(1417, '2020-03-26 16:54:02', '127.0.0.1', 'admin/updateUser/{id}'),
(1418, '2020-03-26 16:54:08', '127.0.0.1', 'admin/updateUser/{id}'),
(1419, '2020-03-26 16:54:11', '127.0.0.1', 'admin/updateUser/{id}'),
(1420, '2020-03-26 16:54:50', '127.0.0.1', 'admin/updateUser/{id}'),
(1421, '2020-03-26 16:54:55', '127.0.0.1', 'admin/updateUser/{id}'),
(1422, '2020-03-26 16:55:52', '127.0.0.1', 'admin/updateUser/{id}'),
(1423, '2020-03-26 16:56:29', '127.0.0.1', 'admin/updateUser/{id}'),
(1424, '2020-03-26 16:56:32', '127.0.0.1', 'admin/updateUser/{id}'),
(1425, '2020-03-26 16:58:17', '127.0.0.1', 'admin/updateUser/{id}'),
(1426, '2020-03-26 16:58:18', '127.0.0.1', 'admin/updateUser/{id}'),
(1427, '2020-03-26 16:58:19', '127.0.0.1', 'admin/updateUser/{id}'),
(1428, '2020-03-26 16:58:50', '127.0.0.1', 'admin/updateUser/{id}'),
(1429, '2020-03-26 16:59:41', '127.0.0.1', 'admin/updateUser/{id}'),
(1430, '2020-03-26 16:59:42', '127.0.0.1', 'admin/updateUser/{id}'),
(1431, '2020-03-26 16:59:42', '127.0.0.1', 'admin/updateUser/{id}'),
(1432, '2020-03-26 17:00:34', '127.0.0.1', 'admin/updateUser/{id}'),
(1433, '2020-03-26 17:02:00', '127.0.0.1', 'admin/updateUser/{id}'),
(1434, '2020-03-26 17:02:11', '127.0.0.1', 'admin/updateUser/{id}'),
(1435, '2020-03-26 17:02:31', '127.0.0.1', 'admin/updateUser/{id}'),
(1436, '2020-03-26 17:02:55', '127.0.0.1', 'admin/updateUser/{id}'),
(1437, '2020-03-26 17:02:56', '127.0.0.1', 'admin/updateUser/{id}'),
(1438, '2020-03-26 17:02:57', '127.0.0.1', 'admin/updateUser/{id}'),
(1439, '2020-03-26 17:03:23', '127.0.0.1', 'admin/updateUser/{id}'),
(1440, '2020-03-26 17:03:24', '127.0.0.1', 'admin/updateUser/{id}'),
(1441, '2020-03-26 17:04:57', '127.0.0.1', 'admin/updateUser/{id}'),
(1442, '2020-03-26 17:05:10', '127.0.0.1', 'admin/updateUser/{id}'),
(1443, '2020-03-26 17:05:11', '127.0.0.1', 'admin/updateUser/{id}'),
(1444, '2020-03-26 17:05:13', '127.0.0.1', 'admin/updateUser/{id}'),
(1445, '2020-03-26 17:05:17', '127.0.0.1', 'admin/updateUser/{id}');
INSERT INTO `requests` (`id`, `created_at`, `ip`, `route_name`) VALUES
(1446, '2020-03-26 17:05:59', '127.0.0.1', 'admin/updateUser/{id}'),
(1447, '2020-03-26 17:06:30', '127.0.0.1', 'admin/updateUser/{id}'),
(1448, '2020-03-26 17:10:17', '127.0.0.1', 'admin/updateUser/{id}'),
(1449, '2020-03-26 17:11:37', '127.0.0.1', 'admin/updateUser/{id}'),
(1450, '2020-03-26 17:12:58', '127.0.0.1', 'admin/updateUser/{id}'),
(1451, '2020-03-26 17:13:22', '127.0.0.1', 'admin/updateUser/{id}'),
(1452, '2020-03-26 17:21:46', '127.0.0.1', 'admin/tablesUsersAdmin'),
(1453, '2020-03-26 17:29:54', '127.0.0.1', 'admin/updateUser/{id}'),
(1454, '2020-03-26 17:34:58', '127.0.0.1', 'admin/updateUser/{id}'),
(1455, '2020-03-26 17:35:31', '127.0.0.1', 'admin/updateUser/{id}'),
(1456, '2020-03-26 17:37:33', '127.0.0.1', 'admin'),
(1457, '2020-03-26 17:37:35', '127.0.0.1', 'admin/tablesUsersAdmin'),
(1458, '2020-03-26 17:37:37', '127.0.0.1', 'admin/updateUser/{id}'),
(1459, '2020-03-26 17:38:50', '127.0.0.1', 'admin/updateUser/{id}'),
(1460, '2020-03-26 17:38:51', '127.0.0.1', 'admin/updateUser/{id}'),
(1461, '2020-03-26 17:38:58', '127.0.0.1', 'admin/doUpdate'),
(1462, '2020-03-26 17:39:18', '127.0.0.1', 'admin/updateUser/{id}'),
(1463, '2020-03-26 17:39:33', '127.0.0.1', 'admin/updateUser/{id}'),
(1464, '2020-03-26 17:40:15', '127.0.0.1', 'admin/updateUser/{id}'),
(1465, '2020-03-26 17:40:18', '127.0.0.1', 'admin/updateUser/{id}'),
(1466, '2020-03-26 17:40:23', '127.0.0.1', 'admin/updateUser/{id}'),
(1467, '2020-03-26 17:43:11', '127.0.0.1', 'admin/updateUser/{id}'),
(1468, '2020-03-26 17:53:11', '127.0.0.1', 'admin/updateUser/{id}'),
(1469, '2020-03-26 17:54:18', '127.0.0.1', 'admin/updateUser/{id}'),
(1470, '2020-03-26 17:54:22', '127.0.0.1', 'admin/doUpdate'),
(1471, '2020-03-26 17:54:28', '127.0.0.1', 'admin/tablesUsersAdmin'),
(1472, '2020-03-26 17:54:38', '127.0.0.1', 'admin/tablesUsersAdmin'),
(1473, '2020-03-26 17:54:40', '127.0.0.1', 'admin/updateUser/{id}'),
(1474, '2020-03-26 17:55:57', '127.0.0.1', 'admin/updateUser/{id}'),
(1475, '2020-03-26 17:56:02', '127.0.0.1', 'admin/doUpdate'),
(1476, '2020-03-26 17:56:11', '127.0.0.1', 'admin/updateUser/{id}'),
(1477, '2020-03-26 17:56:15', '127.0.0.1', 'admin/doUpdate'),
(1478, '2020-03-26 17:56:18', '127.0.0.1', 'admin/updateUser/{id}'),
(1479, '2020-03-26 17:56:25', '127.0.0.1', 'admin/doUpdate'),
(1480, '2020-03-26 17:56:55', '127.0.0.1', 'admin/updateUser/{id}'),
(1481, '2020-03-26 17:57:01', '127.0.0.1', 'admin/doUpdate'),
(1482, '2020-03-26 17:57:13', '127.0.0.1', 'admin/tablesUsersAdmin'),
(1483, '2020-03-26 17:57:18', '127.0.0.1', 'admin/updateUser/{id}'),
(1484, '2020-03-26 17:57:26', '127.0.0.1', 'admin/doUpdate'),
(1485, '2020-03-26 17:58:00', '127.0.0.1', 'admin/updateUser/{id}'),
(1486, '2020-03-26 17:58:07', '127.0.0.1', 'admin/doUpdate'),
(1487, '2020-03-26 18:00:16', '127.0.0.1', 'admin/updateUser/{id}'),
(1488, '2020-03-26 18:00:22', '127.0.0.1', 'admin/doUpdate'),
(1489, '2020-03-26 18:00:23', '127.0.0.1', 'admin/tablesUsersAdmin'),
(1490, '2020-03-26 18:01:21', '127.0.0.1', 'admin/tablesUsersAdmin'),
(1491, '2020-03-26 18:01:23', '127.0.0.1', 'admin/updateUser/{id}'),
(1492, '2020-03-26 18:01:30', '127.0.0.1', 'admin/doUpdate'),
(1493, '2020-03-26 18:02:29', '127.0.0.1', 'admin/updateUser/{id}'),
(1494, '2020-03-26 18:02:38', '127.0.0.1', 'admin/tablesUsersAdmin'),
(1495, '2020-03-26 18:02:41', '127.0.0.1', 'admin/updateUser/{id}'),
(1496, '2020-03-26 18:02:50', '127.0.0.1', 'admin/doUpdate'),
(1497, '2020-03-26 18:03:49', '127.0.0.1', 'admin/updateUser/{id}'),
(1498, '2020-03-26 18:04:00', '127.0.0.1', 'admin/doUpdate'),
(1499, '2020-03-26 18:05:43', '127.0.0.1', 'admin/updateUser/{id}'),
(1500, '2020-03-26 18:05:45', '127.0.0.1', 'admin/updateUser/{id}'),
(1501, '2020-03-26 18:05:48', '127.0.0.1', 'admin/updateUser/{id}'),
(1502, '2020-03-26 18:05:52', '127.0.0.1', 'admin/updateUser/{id}'),
(1503, '2020-03-26 18:06:07', '127.0.0.1', 'admin/updateUser/{id}'),
(1504, '2020-03-26 18:07:01', '127.0.0.1', 'admin/updateUser/{id}'),
(1505, '2020-03-26 18:07:03', '127.0.0.1', 'admin/updateUser/{id}'),
(1506, '2020-03-26 18:07:10', '127.0.0.1', 'admin/updateUser/{id}'),
(1507, '2020-03-26 18:07:12', '127.0.0.1', 'admin/updateUser/{id}'),
(1508, '2020-03-26 18:07:21', '127.0.0.1', 'admin/updateUser/{id}'),
(1509, '2020-03-26 18:07:21', '127.0.0.1', 'admin/updateUser/{id}'),
(1510, '2020-03-26 18:07:21', '127.0.0.1', 'admin/updateUser/{id}'),
(1511, '2020-03-26 18:07:23', '127.0.0.1', '/'),
(1512, '2020-03-26 18:07:24', '127.0.0.1', 'about'),
(1513, '2020-03-26 18:07:24', '127.0.0.1', 'admin'),
(1514, '2020-03-26 18:07:28', '127.0.0.1', 'admin/tablesUsersAdmin'),
(1515, '2020-03-26 18:07:29', '127.0.0.1', 'admin/updateUser/{id}'),
(1516, '2020-03-26 18:07:44', '127.0.0.1', 'admin/updateUser/{id}'),
(1517, '2020-03-26 18:07:45', '127.0.0.1', 'admin/updateUser/{id}'),
(1518, '2020-03-26 18:07:46', '127.0.0.1', 'admin/updateUser/{id}'),
(1519, '2020-03-26 18:08:29', '127.0.0.1', 'admin/updateUser/{id}'),
(1520, '2020-03-26 18:08:39', '127.0.0.1', 'admin/doUpdate'),
(1521, '2020-03-26 18:09:45', '127.0.0.1', 'admin/updateUser/{id}'),
(1522, '2020-03-26 18:09:48', '127.0.0.1', 'admin/tablesUsersAdmin'),
(1523, '2020-03-26 18:09:51', '127.0.0.1', 'admin/updateUser/{id}'),
(1524, '2020-03-26 18:09:57', '127.0.0.1', 'admin/doUpdate'),
(1525, '2020-03-26 18:09:58', '127.0.0.1', 'admin/tablesUsersAdmin'),
(1526, '2020-03-26 18:10:24', '127.0.0.1', 'admin/updateUser/{id}'),
(1527, '2020-03-26 18:10:31', '127.0.0.1', 'admin/doUpdate'),
(1528, '2020-03-26 18:10:32', '127.0.0.1', 'admin/tablesUsersAdmin'),
(1529, '2020-03-26 18:10:44', '127.0.0.1', 'admin/actionsAdmin'),
(1530, '2020-03-26 18:29:12', '127.0.0.1', 'admin/tablesPostsAdmin'),
(1531, '2020-03-26 18:35:26', '127.0.0.1', 'admin/updatePost/{id}'),
(1532, '2020-03-26 18:36:53', '127.0.0.1', 'admin/updatePost/{id}'),
(1533, '2020-03-26 18:47:32', '127.0.0.1', 'admin/updatePost/{id}'),
(1534, '2020-03-26 18:48:05', '127.0.0.1', 'admin/updatePost/{id}'),
(1535, '2020-03-26 18:49:51', '127.0.0.1', 'admin/updatePost/{id}'),
(1536, '2020-03-26 18:50:03', '127.0.0.1', 'admin/updatePost/{id}'),
(1537, '2020-03-26 18:50:03', '127.0.0.1', 'admin/updatePost/{id}'),
(1538, '2020-03-26 18:50:42', '127.0.0.1', 'admin/tablesUsersAdmin'),
(1539, '2020-03-26 18:50:44', '127.0.0.1', 'admin/updateUser/{id}'),
(1540, '2020-03-26 18:50:49', '127.0.0.1', 'admin/doUpdate'),
(1541, '2020-03-26 18:50:51', '127.0.0.1', 'admin/tablesUsersAdmin'),
(1542, '2020-03-26 18:50:53', '127.0.0.1', 'admin/updateUser/{id}'),
(1543, '2020-03-26 18:50:59', '127.0.0.1', 'admin/doUpdate'),
(1544, '2020-03-26 18:51:00', '127.0.0.1', 'admin/tablesUsersAdmin'),
(1545, '2020-03-26 19:00:29', '127.0.0.1', 'admin'),
(1546, '2020-03-26 19:00:31', '127.0.0.1', 'admin/tablesPostsAdmin'),
(1547, '2020-03-26 19:00:32', '127.0.0.1', 'admin/deletePost/{id}'),
(1548, '2020-03-26 19:00:39', '127.0.0.1', 'admin/tablesPostsAdmin'),
(1549, '2020-03-26 19:03:59', '127.0.0.1', 'admin/tablesPostsAdmin'),
(1550, '2020-03-26 19:04:06', '127.0.0.1', '/'),
(1551, '2020-03-26 19:04:12', '127.0.0.1', 'gallery'),
(1552, '2020-03-26 19:04:12', '127.0.0.1', 'sort'),
(1553, '2020-03-26 19:04:12', '127.0.0.1', 'paginationGallery'),
(1554, '2020-03-26 19:04:15', '127.0.0.1', '/'),
(1555, '2020-03-26 19:07:00', '127.0.0.1', 'admin'),
(1556, '2020-03-26 19:07:02', '127.0.0.1', 'admin/tablesPostsAdmin'),
(1557, '2020-03-26 19:07:07', '127.0.0.1', 'admin/updateBlog/{id}'),
(1558, '2020-03-26 19:07:42', '127.0.0.1', 'admin/updateBlog/{id}'),
(1559, '2020-03-26 19:07:45', '127.0.0.1', 'admin/tablesPostsAdmin'),
(1560, '2020-03-26 19:07:46', '127.0.0.1', 'admin/updatePost/{id}'),
(1561, '2020-03-26 19:07:50', '127.0.0.1', 'admin/tablesPostsAdmin'),
(1562, '2020-03-26 19:08:18', '127.0.0.1', 'admin/mailBoxAdmin'),
(1563, '2020-03-26 19:08:55', '127.0.0.1', 'admin/mailBoxAdmin'),
(1564, '2020-03-26 19:10:44', '127.0.0.1', 'admin/tablesPostsAdmin'),
(1565, '2020-03-26 19:12:07', '127.0.0.1', 'admin/updateBlog/{id}'),
(1566, '2020-03-26 19:13:30', '127.0.0.1', 'admin/updateBlog/{id}'),
(1567, '2020-03-26 19:13:34', '127.0.0.1', 'admin/updateBlog/{id}'),
(1568, '2020-03-26 19:13:48', '127.0.0.1', 'admin/updateBlog/{id}'),
(1569, '2020-03-26 19:19:31', '127.0.0.1', 'admin/updateBlog/{id}'),
(1570, '2020-03-26 19:19:55', '127.0.0.1', 'admin/updateBlog/{id}'),
(1571, '2020-03-26 19:20:02', '127.0.0.1', 'admin/updateBlog/{id}'),
(1572, '2020-03-26 19:20:20', '127.0.0.1', 'admin/updateBlog/{id}'),
(1573, '2020-03-26 19:20:24', '127.0.0.1', 'admin/tablesPostsAdmin'),
(1574, '2020-03-26 19:20:27', '127.0.0.1', 'admin/updateBlog/{id}'),
(1575, '2020-03-26 19:20:34', '127.0.0.1', 'admin'),
(1576, '2020-03-26 19:30:52', '127.0.0.1', 'admin'),
(1577, '2020-03-26 19:31:28', '127.0.0.1', 'admin'),
(1578, '2020-03-26 19:31:33', '127.0.0.1', 'admin'),
(1579, '2020-03-26 19:31:43', '127.0.0.1', 'admin'),
(1580, '2020-03-26 19:31:57', '127.0.0.1', 'admin'),
(1581, '2020-03-26 19:32:05', '127.0.0.1', 'admin'),
(1582, '2020-03-26 19:32:12', '127.0.0.1', 'admin'),
(1583, '2020-03-26 19:32:19', '127.0.0.1', 'admin'),
(1584, '2020-03-26 19:32:22', '127.0.0.1', 'admin'),
(1585, '2020-03-26 19:32:26', '127.0.0.1', 'admin'),
(1586, '2020-03-26 19:32:35', '127.0.0.1', 'admin'),
(1587, '2020-03-26 19:32:43', '127.0.0.1', 'admin'),
(1588, '2020-03-26 19:32:52', '127.0.0.1', 'admin'),
(1589, '2020-03-26 19:32:57', '127.0.0.1', 'admin'),
(1590, '2020-03-26 19:33:06', '127.0.0.1', 'admin'),
(1591, '2020-03-26 19:33:15', '127.0.0.1', 'admin'),
(1592, '2020-03-26 19:33:28', '127.0.0.1', 'admin'),
(1593, '2020-03-26 19:33:32', '127.0.0.1', 'admin'),
(1594, '2020-03-26 19:33:36', '127.0.0.1', 'admin'),
(1595, '2020-03-26 19:34:12', '127.0.0.1', 'admin'),
(1596, '2020-03-26 19:35:51', '127.0.0.1', 'admin/actionsAdmin'),
(1597, '2020-03-26 19:36:17', '127.0.0.1', 'admin'),
(1598, '2020-03-26 19:36:31', '127.0.0.1', 'admin'),
(1599, '2020-03-26 19:36:32', '127.0.0.1', 'admin'),
(1600, '2020-03-26 19:36:32', '127.0.0.1', 'admin'),
(1601, '2020-03-26 19:40:19', '127.0.0.1', 'admin'),
(1602, '2020-03-26 19:54:19', '127.0.0.1', 'admin'),
(1603, '2020-03-26 19:55:13', '127.0.0.1', 'admin'),
(1604, '2020-03-26 19:56:37', '127.0.0.1', 'admin'),
(1605, '2020-03-26 19:56:54', '127.0.0.1', 'admin'),
(1606, '2020-03-26 19:56:59', '127.0.0.1', 'admin'),
(1607, '2020-03-26 19:57:06', '127.0.0.1', 'admin'),
(1608, '2020-03-26 19:57:09', '127.0.0.1', 'admin'),
(1609, '2020-03-26 19:57:17', '127.0.0.1', 'admin'),
(1610, '2020-03-26 19:57:22', '127.0.0.1', 'admin'),
(1611, '2020-03-26 19:57:42', '127.0.0.1', 'admin'),
(1612, '2020-03-26 19:59:48', '127.0.0.1', 'admin'),
(1613, '2020-03-26 20:00:28', '127.0.0.1', 'admin'),
(1614, '2020-03-26 20:00:39', '127.0.0.1', 'admin'),
(1615, '2020-03-26 20:00:47', '127.0.0.1', 'admin'),
(1616, '2020-03-26 20:00:57', '127.0.0.1', 'admin'),
(1617, '2020-03-26 20:01:06', '127.0.0.1', 'admin'),
(1618, '2020-03-26 20:01:38', '127.0.0.1', 'admin'),
(1619, '2020-03-26 20:02:07', '127.0.0.1', 'admin'),
(1620, '2020-03-26 20:02:21', '127.0.0.1', 'admin'),
(1621, '2020-03-26 20:02:25', '127.0.0.1', 'admin'),
(1622, '2020-03-26 20:02:39', '127.0.0.1', 'admin'),
(1623, '2020-03-26 20:02:48', '127.0.0.1', 'admin'),
(1624, '2020-03-26 20:02:50', '127.0.0.1', 'admin'),
(1625, '2020-03-26 20:03:00', '127.0.0.1', 'admin'),
(1626, '2020-03-26 20:03:22', '127.0.0.1', 'admin'),
(1627, '2020-03-26 20:03:30', '127.0.0.1', 'admin'),
(1628, '2020-03-26 20:03:41', '127.0.0.1', 'admin'),
(1629, '2020-03-26 20:03:50', '127.0.0.1', 'admin'),
(1630, '2020-03-26 20:04:01', '127.0.0.1', 'admin'),
(1631, '2020-03-26 20:04:32', '127.0.0.1', 'admin'),
(1632, '2020-03-26 20:06:57', '127.0.0.1', 'admin'),
(1633, '2020-03-26 20:07:17', '127.0.0.1', 'admin'),
(1634, '2020-03-26 20:07:19', '127.0.0.1', 'admin'),
(1635, '2020-03-26 20:07:38', '127.0.0.1', 'admin'),
(1636, '2020-03-26 20:07:47', '127.0.0.1', 'admin'),
(1637, '2020-03-26 20:08:01', '127.0.0.1', 'admin'),
(1638, '2020-03-26 20:11:04', '127.0.0.1', 'admin'),
(1639, '2020-03-26 20:11:17', '127.0.0.1', 'admin'),
(1640, '2020-03-26 20:12:45', '127.0.0.1', 'admin'),
(1641, '2020-03-26 20:13:11', '127.0.0.1', 'admin/tablesPostsAdmin'),
(1642, '2020-03-26 20:13:19', '127.0.0.1', 'admin/tablesPostsAdmin'),
(1643, '2020-03-26 20:13:20', '127.0.0.1', 'admin'),
(1644, '2020-03-26 20:13:53', '127.0.0.1', 'admin/tablesPostsAdmin'),
(1645, '2020-03-26 20:13:54', '127.0.0.1', 'admin'),
(1646, '2020-03-26 20:20:26', '127.0.0.1', '/'),
(1647, '2020-03-26 20:23:15', '127.0.0.1', 'gallery'),
(1648, '2020-03-26 20:23:16', '127.0.0.1', 'sort'),
(1649, '2020-03-26 20:23:16', '127.0.0.1', 'paginationGallery'),
(1650, '2020-03-26 20:24:58', '127.0.0.1', 'blog'),
(1651, '2020-03-26 20:24:58', '127.0.0.1', 'blogToShow'),
(1652, '2020-03-26 20:24:58', '127.0.0.1', 'paginationBlog'),
(1653, '2020-03-26 20:26:28', '127.0.0.1', 'contact'),
(1654, '2020-03-26 20:27:40', '127.0.0.1', 'about'),
(1655, '2020-03-26 20:28:17', '127.0.0.1', 'logout'),
(1656, '2020-03-26 20:28:18', '127.0.0.1', '/'),
(1657, '2020-03-26 20:28:19', '127.0.0.1', 'login'),
(1658, '2020-03-26 20:30:17', '127.0.0.1', 'login'),
(1659, '2020-03-26 20:30:23', '127.0.0.1', 'doLogin'),
(1660, '2020-03-26 20:30:24', '127.0.0.1', '/'),
(1661, '2020-03-26 20:30:26', '127.0.0.1', 'admin'),
(1662, '2020-03-26 20:33:10', '127.0.0.1', 'admin/tablesUsersAdmin'),
(1663, '2020-03-26 20:33:13', '127.0.0.1', 'admin/formPostInsert'),
(1664, '2020-03-26 20:33:16', '127.0.0.1', 'admin/tablesPostsAdmin'),
(1665, '2020-03-26 20:33:20', '127.0.0.1', 'admin/tablesUsersAdmin'),
(1666, '2020-03-26 20:35:34', '127.0.0.1', 'admin/actionsAdmin'),
(1667, '2020-03-26 20:42:16', '127.0.0.1', '/'),
(1668, '2020-03-26 20:44:19', '127.0.0.1', 'gallery'),
(1669, '2020-03-26 20:44:19', '127.0.0.1', 'sort'),
(1670, '2020-03-26 20:44:19', '127.0.0.1', 'paginationGallery'),
(1671, '2020-03-26 20:45:27', '127.0.0.1', 'blog'),
(1672, '2020-03-26 20:45:27', '127.0.0.1', 'blogToShow'),
(1673, '2020-03-26 20:45:27', '127.0.0.1', 'paginationBlog'),
(1674, '2020-03-26 20:47:10', '127.0.0.1', 'contact'),
(1675, '2020-03-26 20:50:18', '127.0.0.1', 'about'),
(1676, '2020-03-26 20:51:09', '127.0.0.1', 'admin'),
(1677, '2020-03-26 20:52:22', '127.0.0.1', 'admin/tablesPostsAdmin'),
(1678, '2020-03-26 20:56:19', '127.0.0.1', '/'),
(1679, '2020-03-26 20:56:27', '127.0.0.1', 'logout'),
(1680, '2020-03-26 20:56:27', '127.0.0.1', '/'),
(1681, '2020-03-26 20:56:38', '127.0.0.1', 'login'),
(1682, '2020-03-26 20:56:45', '127.0.0.1', 'doLogin'),
(1683, '2020-03-26 20:56:47', '127.0.0.1', '/'),
(1684, '2020-03-26 20:56:48', '127.0.0.1', 'admin'),
(1685, '2020-03-26 20:56:49', '127.0.0.1', 'admin/actionsAdmin'),
(1686, '2020-03-26 20:58:09', '127.0.0.1', 'admin/actionsAdmin'),
(1687, '2020-03-26 20:58:12', '127.0.0.1', 'logout'),
(1688, '2020-03-26 20:58:12', '127.0.0.1', '/'),
(1689, '2020-03-26 20:58:16', '127.0.0.1', 'login'),
(1690, '2020-03-26 20:58:29', '127.0.0.1', 'doLogin'),
(1691, '2020-03-26 20:58:30', '127.0.0.1', '/'),
(1692, '2020-03-26 20:58:36', '127.0.0.1', 'admin'),
(1693, '2020-03-26 20:58:36', '127.0.0.1', '/'),
(1694, '2020-03-26 20:58:41', '127.0.0.1', 'login'),
(1695, '2020-03-26 20:58:41', '127.0.0.1', '/'),
(1696, '2020-03-26 20:58:47', '127.0.0.1', 'logout'),
(1697, '2020-03-26 20:58:47', '127.0.0.1', '/'),
(1698, '2020-03-26 20:58:49', '127.0.0.1', 'login'),
(1699, '2020-03-26 20:58:55', '127.0.0.1', 'doLogin'),
(1700, '2020-03-26 20:58:56', '127.0.0.1', '/'),
(1701, '2020-03-26 20:58:57', '127.0.0.1', 'admin'),
(1702, '2020-03-26 20:59:03', '127.0.0.1', 'admin/tablesPostsAdmin'),
(1703, '2020-03-26 21:01:00', '127.0.0.1', 'admin/formPostInsert'),
(1704, '2020-03-26 21:02:05', '127.0.0.1', 'admin/tablesUsersAdmin'),
(1705, '2020-03-26 21:02:52', '127.0.0.1', 'admin/formUserInsert'),
(1706, '2020-03-26 21:03:57', '127.0.0.1', 'admin/mailBoxAdmin'),
(1707, '2020-03-26 21:04:54', '127.0.0.1', 'admin/actionsAdmin'),
(1708, '2020-03-26 21:06:34', '127.0.0.1', 'admin/tablesPostsAdmin'),
(1709, '2020-03-26 21:06:36', '127.0.0.1', 'admin/updatePost/{id}'),
(1710, '2020-03-26 21:07:25', '127.0.0.1', 'admin/updateBlog/{id}'),
(1711, '2020-03-26 21:07:52', '127.0.0.1', 'admin/updateBlog/{id}'),
(1712, '2020-03-26 21:07:55', '127.0.0.1', 'admin/tablesPostsAdmin'),
(1713, '2020-03-26 21:07:56', '127.0.0.1', 'admin/updatePost/{id}'),
(1714, '2020-03-26 21:08:14', '127.0.0.1', 'admin/updatePost/{id}'),
(1715, '2020-03-26 21:09:28', '127.0.0.1', 'admin/tablesPostsAdmin'),
(1716, '2020-03-26 21:09:31', '127.0.0.1', 'admin/updateBlog/{id}'),
(1717, '2020-03-26 21:10:44', '127.0.0.1', 'admin/tablesUsersAdmin'),
(1718, '2020-03-26 21:10:45', '127.0.0.1', 'admin/updateUser/{id}'),
(1719, '2020-03-26 21:17:44', '127.0.0.1', 'admin'),
(1720, '2020-03-26 21:18:10', '127.0.0.1', 'admin'),
(1721, '2020-03-26 21:20:07', '127.0.0.1', '/'),
(1722, '2020-03-26 21:20:59', '127.0.0.1', 'gallery'),
(1723, '2020-03-26 21:20:59', '127.0.0.1', 'sort'),
(1724, '2020-03-26 21:20:59', '127.0.0.1', 'paginationGallery'),
(1725, '2020-03-26 21:21:17', '127.0.0.1', 'blog'),
(1726, '2020-03-26 21:21:17', '127.0.0.1', 'blogToShow'),
(1727, '2020-03-26 21:21:17', '127.0.0.1', 'paginationBlog'),
(1728, '2020-03-26 21:21:32', '127.0.0.1', 'contact'),
(1729, '2020-03-26 21:21:52', '127.0.0.1', 'about'),
(1730, '2020-03-26 21:22:18', '127.0.0.1', 'logout'),
(1731, '2020-03-26 21:22:18', '127.0.0.1', '/'),
(1732, '2020-03-26 21:22:19', '127.0.0.1', 'login'),
(1733, '2020-03-26 21:23:41', '127.0.0.1', 'login'),
(1734, '2020-03-26 21:24:03', '127.0.0.1', '/'),
(1735, '2020-03-27 10:49:02', '127.0.0.1', '/'),
(1736, '2020-03-27 11:17:28', '127.0.0.1', '/'),
(1737, '2020-03-27 11:18:17', '127.0.0.1', '/'),
(1738, '2020-03-27 11:18:18', '127.0.0.1', 'gallery'),
(1739, '2020-03-27 11:18:18', '127.0.0.1', 'sort'),
(1740, '2020-03-27 11:18:19', '127.0.0.1', 'paginationGallery'),
(1741, '2020-03-27 11:27:52', '127.0.0.1', 'blog'),
(1742, '2020-03-27 11:27:53', '127.0.0.1', 'blogToShow'),
(1743, '2020-03-27 11:27:53', '127.0.0.1', 'paginationBlog'),
(1744, '2020-03-27 11:27:54', '127.0.0.1', 'login'),
(1745, '2020-03-27 11:28:00', '127.0.0.1', 'doLogin'),
(1746, '2020-03-27 11:28:02', '127.0.0.1', '/'),
(1747, '2020-03-27 11:28:03', '127.0.0.1', 'blog'),
(1748, '2020-03-27 11:28:04', '127.0.0.1', 'blogToShow'),
(1749, '2020-03-27 11:28:04', '127.0.0.1', 'paginationBlog'),
(1750, '2020-03-27 11:28:28', '127.0.0.1', 'insertBlog'),
(1751, '2020-03-27 11:28:39', '127.0.0.1', 'insertBlog'),
(1752, '2020-03-27 11:30:21', '127.0.0.1', 'blog'),
(1753, '2020-03-27 11:30:22', '127.0.0.1', 'blogToShow'),
(1754, '2020-03-27 11:30:22', '127.0.0.1', 'paginationBlog'),
(1755, '2020-03-27 11:30:30', '127.0.0.1', 'insertBlog'),
(1756, '2020-03-27 11:33:58', '127.0.0.1', 'blog'),
(1757, '2020-03-27 11:33:59', '127.0.0.1', 'blogToShow'),
(1758, '2020-03-27 11:33:59', '127.0.0.1', 'paginationBlog'),
(1759, '2020-03-27 11:34:11', '127.0.0.1', 'insertBlog'),
(1760, '2020-03-27 11:34:25', '127.0.0.1', 'blog'),
(1761, '2020-03-27 11:34:25', '127.0.0.1', 'blogToShow'),
(1762, '2020-03-27 11:34:26', '127.0.0.1', 'paginationBlog'),
(1763, '2020-03-27 11:34:27', '127.0.0.1', 'blogToShow'),
(1764, '2020-03-27 11:34:27', '127.0.0.1', 'paginationBlog'),
(1765, '2020-03-27 11:34:33', '127.0.0.1', 'blog'),
(1766, '2020-03-27 11:34:33', '127.0.0.1', 'blogToShow'),
(1767, '2020-03-27 11:34:34', '127.0.0.1', 'paginationBlog'),
(1768, '2020-03-27 11:34:58', '127.0.0.1', 'blogToShow'),
(1769, '2020-03-27 11:34:58', '127.0.0.1', 'paginationBlog'),
(1770, '2020-03-27 11:35:01', '127.0.0.1', 'blog'),
(1771, '2020-03-27 11:35:02', '127.0.0.1', 'blogToShow'),
(1772, '2020-03-27 11:35:02', '127.0.0.1', 'paginationBlog'),
(1773, '2020-03-27 11:35:06', '127.0.0.1', 'blogToShow'),
(1774, '2020-03-27 11:35:06', '127.0.0.1', 'paginationBlog'),
(1775, '2020-03-27 11:35:06', '127.0.0.1', 'blogToShow'),
(1776, '2020-03-27 11:35:06', '127.0.0.1', 'paginationBlog'),
(1777, '2020-03-27 11:35:07', '127.0.0.1', 'blogToShow'),
(1778, '2020-03-27 11:35:07', '127.0.0.1', 'paginationBlog'),
(1779, '2020-03-27 11:35:08', '127.0.0.1', 'blogToShow'),
(1780, '2020-03-27 11:35:08', '127.0.0.1', 'blogToShow'),
(1781, '2020-03-27 11:35:08', '127.0.0.1', 'paginationBlog'),
(1782, '2020-03-27 11:35:08', '127.0.0.1', 'blogToShow'),
(1783, '2020-03-27 11:35:08', '127.0.0.1', 'paginationBlog'),
(1784, '2020-03-27 11:35:09', '127.0.0.1', 'paginationBlog'),
(1785, '2020-03-27 11:35:10', '127.0.0.1', 'blogToShow'),
(1786, '2020-03-27 11:35:10', '127.0.0.1', 'paginationBlog'),
(1787, '2020-03-27 11:35:13', '127.0.0.1', 'blogToShow'),
(1788, '2020-03-27 11:35:13', '127.0.0.1', 'paginationBlog'),
(1789, '2020-03-27 11:35:15', '127.0.0.1', 'blog'),
(1790, '2020-03-27 11:35:16', '127.0.0.1', 'blogToShow'),
(1791, '2020-03-27 11:35:16', '127.0.0.1', 'paginationBlog'),
(1792, '2020-03-27 11:35:18', '127.0.0.1', 'blogToShow'),
(1793, '2020-03-27 11:35:18', '127.0.0.1', 'paginationBlog'),
(1794, '2020-03-27 11:35:24', '127.0.0.1', 'blog'),
(1795, '2020-03-27 11:35:24', '127.0.0.1', 'blogToShow'),
(1796, '2020-03-27 11:35:24', '127.0.0.1', 'paginationBlog'),
(1797, '2020-03-27 11:36:06', '127.0.0.1', 'blogToShow'),
(1798, '2020-03-27 11:36:06', '127.0.0.1', 'paginationBlog'),
(1799, '2020-03-27 11:36:26', '127.0.0.1', 'blog'),
(1800, '2020-03-27 11:36:26', '127.0.0.1', 'blogToShow'),
(1801, '2020-03-27 11:36:26', '127.0.0.1', 'paginationBlog'),
(1802, '2020-03-27 11:36:28', '127.0.0.1', 'blogToShow'),
(1803, '2020-03-27 11:36:28', '127.0.0.1', 'paginationBlog'),
(1804, '2020-03-27 11:36:41', '127.0.0.1', 'blog'),
(1805, '2020-03-27 11:36:41', '127.0.0.1', 'blogToShow'),
(1806, '2020-03-27 11:36:41', '127.0.0.1', 'paginationBlog'),
(1807, '2020-03-27 11:37:50', '127.0.0.1', 'blogToShow'),
(1808, '2020-03-27 11:37:51', '127.0.0.1', 'paginationBlog'),
(1809, '2020-03-27 11:38:30', '127.0.0.1', 'blog'),
(1810, '2020-03-27 11:38:30', '127.0.0.1', 'blogToShow'),
(1811, '2020-03-27 11:38:31', '127.0.0.1', 'paginationBlog'),
(1812, '2020-03-27 11:38:32', '127.0.0.1', 'blogToShow'),
(1813, '2020-03-27 11:38:32', '127.0.0.1', 'paginationBlog'),
(1814, '2020-03-27 11:38:39', '127.0.0.1', 'blog'),
(1815, '2020-03-27 11:38:39', '127.0.0.1', 'blogToShow'),
(1816, '2020-03-27 11:38:40', '127.0.0.1', 'paginationBlog'),
(1817, '2020-03-27 11:38:41', '127.0.0.1', 'blogToShow'),
(1818, '2020-03-27 11:38:42', '127.0.0.1', 'paginationBlog'),
(1819, '2020-03-27 11:39:08', '127.0.0.1', 'blog'),
(1820, '2020-03-27 11:39:08', '127.0.0.1', 'blogToShow'),
(1821, '2020-03-27 11:39:08', '127.0.0.1', 'paginationBlog'),
(1822, '2020-03-27 11:39:10', '127.0.0.1', 'blogToShow'),
(1823, '2020-03-27 11:39:10', '127.0.0.1', 'paginationBlog'),
(1824, '2020-03-27 11:39:12', '127.0.0.1', 'blogToShow'),
(1825, '2020-03-27 11:39:12', '127.0.0.1', 'paginationBlog'),
(1826, '2020-03-27 11:39:20', '127.0.0.1', 'blog'),
(1827, '2020-03-27 11:39:21', '127.0.0.1', 'blogToShow'),
(1828, '2020-03-27 11:39:21', '127.0.0.1', 'paginationBlog'),
(1829, '2020-03-27 11:39:47', '127.0.0.1', 'blog'),
(1830, '2020-03-27 11:39:48', '127.0.0.1', 'blogToShow'),
(1831, '2020-03-27 11:39:48', '127.0.0.1', 'paginationBlog'),
(1832, '2020-03-27 11:39:50', '127.0.0.1', 'blogToShow'),
(1833, '2020-03-27 11:39:50', '127.0.0.1', 'paginationBlog'),
(1834, '2020-03-27 11:39:56', '127.0.0.1', 'blogToShow'),
(1835, '2020-03-27 11:39:57', '127.0.0.1', 'paginationBlog'),
(1836, '2020-03-27 11:40:02', '127.0.0.1', 'blogToShow'),
(1837, '2020-03-27 11:40:02', '127.0.0.1', 'paginationBlog'),
(1838, '2020-03-27 11:40:07', '127.0.0.1', 'blogToShow'),
(1839, '2020-03-27 11:40:07', '127.0.0.1', 'paginationBlog'),
(1840, '2020-03-27 11:42:32', '127.0.0.1', 'insertBlog'),
(1841, '2020-03-27 11:43:05', '127.0.0.1', '/'),
(1842, '2020-03-27 11:43:08', '127.0.0.1', 'blog'),
(1843, '2020-03-27 11:43:08', '127.0.0.1', 'blogToShow'),
(1844, '2020-03-27 11:43:08', '127.0.0.1', 'paginationBlog'),
(1845, '2020-03-27 11:43:15', '127.0.0.1', 'blogToShow'),
(1846, '2020-03-27 11:43:16', '127.0.0.1', 'paginationBlog'),
(1847, '2020-03-27 11:43:17', '127.0.0.1', 'blogToShow'),
(1848, '2020-03-27 11:43:17', '127.0.0.1', 'paginationBlog'),
(1849, '2020-03-27 11:43:21', '127.0.0.1', 'blogToShow'),
(1850, '2020-03-27 11:43:21', '127.0.0.1', 'paginationBlog'),
(1851, '2020-03-27 11:43:22', '127.0.0.1', 'blogToShow'),
(1852, '2020-03-27 11:43:22', '127.0.0.1', 'paginationBlog'),
(1853, '2020-03-27 11:43:25', '127.0.0.1', 'blogToShow'),
(1854, '2020-03-27 11:43:25', '127.0.0.1', 'paginationBlog'),
(1855, '2020-03-27 11:43:25', '127.0.0.1', 'blogToShow'),
(1856, '2020-03-27 11:43:25', '127.0.0.1', 'paginationBlog'),
(1857, '2020-03-27 11:43:27', '127.0.0.1', 'blogToShow'),
(1858, '2020-03-27 11:43:27', '127.0.0.1', 'paginationBlog'),
(1859, '2020-03-27 11:43:31', '127.0.0.1', 'blogToShow'),
(1860, '2020-03-27 11:43:31', '127.0.0.1', 'paginationBlog'),
(1861, '2020-03-27 11:43:31', '127.0.0.1', 'blogToShow'),
(1862, '2020-03-27 11:43:32', '127.0.0.1', 'paginationBlog'),
(1863, '2020-03-27 11:43:32', '127.0.0.1', 'blogToShow'),
(1864, '2020-03-27 11:43:32', '127.0.0.1', 'blogToShow'),
(1865, '2020-03-27 11:43:32', '127.0.0.1', 'paginationBlog'),
(1866, '2020-03-27 11:43:33', '127.0.0.1', 'paginationBlog'),
(1867, '2020-03-27 11:43:33', '127.0.0.1', 'blogToShow'),
(1868, '2020-03-27 11:43:33', '127.0.0.1', 'paginationBlog'),
(1869, '2020-03-27 11:43:35', '127.0.0.1', 'blogToShow'),
(1870, '2020-03-27 11:43:36', '127.0.0.1', 'paginationBlog'),
(1871, '2020-03-27 11:43:36', '127.0.0.1', 'blogToShow'),
(1872, '2020-03-27 11:43:36', '127.0.0.1', 'paginationBlog'),
(1873, '2020-03-27 11:43:36', '127.0.0.1', 'blogToShow'),
(1874, '2020-03-27 11:43:36', '127.0.0.1', 'paginationBlog'),
(1875, '2020-03-27 11:43:41', '127.0.0.1', 'blogToShow'),
(1876, '2020-03-27 11:43:42', '127.0.0.1', 'paginationBlog'),
(1877, '2020-03-27 11:43:43', '127.0.0.1', 'blogToShow'),
(1878, '2020-03-27 11:43:43', '127.0.0.1', 'paginationBlog'),
(1879, '2020-03-27 11:43:50', '127.0.0.1', 'blog'),
(1880, '2020-03-27 11:43:50', '127.0.0.1', 'blogToShow'),
(1881, '2020-03-27 11:43:50', '127.0.0.1', 'paginationBlog'),
(1882, '2020-03-27 11:44:03', '127.0.0.1', 'insertBlog'),
(1883, '2020-03-27 11:45:17', '127.0.0.1', 'blog'),
(1884, '2020-03-27 11:45:18', '127.0.0.1', 'blogToShow'),
(1885, '2020-03-27 11:45:18', '127.0.0.1', 'paginationBlog'),
(1886, '2020-03-27 11:45:28', '127.0.0.1', 'insertBlog'),
(1887, '2020-03-27 12:21:07', '127.0.0.1', 'blog'),
(1888, '2020-03-27 12:21:07', '127.0.0.1', 'blogToShow'),
(1889, '2020-03-27 12:21:07', '127.0.0.1', 'paginationBlog'),
(1890, '2020-03-27 12:21:10', '127.0.0.1', 'blogToShow'),
(1891, '2020-03-27 12:21:10', '127.0.0.1', 'paginationBlog'),
(1892, '2020-03-27 12:21:11', '127.0.0.1', 'blogToShow'),
(1893, '2020-03-27 12:21:11', '127.0.0.1', 'paginationBlog'),
(1894, '2020-03-27 12:21:15', '127.0.0.1', 'blogToShow'),
(1895, '2020-03-27 12:21:15', '127.0.0.1', 'paginationBlog'),
(1896, '2020-03-27 12:21:18', '127.0.0.1', 'blogToShow'),
(1897, '2020-03-27 12:21:19', '127.0.0.1', 'paginationBlog'),
(1898, '2020-03-27 12:21:21', '127.0.0.1', 'blogToShow'),
(1899, '2020-03-27 12:21:21', '127.0.0.1', 'paginationBlog'),
(1900, '2020-03-27 12:21:25', '127.0.0.1', 'blogToShow'),
(1901, '2020-03-27 12:21:25', '127.0.0.1', 'paginationBlog'),
(1902, '2020-03-27 12:21:26', '127.0.0.1', 'blogToShow'),
(1903, '2020-03-27 12:21:26', '127.0.0.1', 'paginationBlog'),
(1904, '2020-03-27 12:21:30', '127.0.0.1', 'blogToShow'),
(1905, '2020-03-27 12:21:30', '127.0.0.1', 'paginationBlog'),
(1906, '2020-03-27 12:21:30', '127.0.0.1', 'blogToShow'),
(1907, '2020-03-27 12:21:31', '127.0.0.1', 'paginationBlog'),
(1908, '2020-03-27 12:21:31', '127.0.0.1', 'blog'),
(1909, '2020-03-27 12:21:32', '127.0.0.1', 'blogToShow'),
(1910, '2020-03-27 12:21:32', '127.0.0.1', 'blogToShow'),
(1911, '2020-03-27 12:21:32', '127.0.0.1', 'paginationBlog'),
(1912, '2020-03-27 15:01:10', '127.0.0.1', 'blog'),
(1913, '2020-03-27 15:01:11', '127.0.0.1', 'blogToShow'),
(1914, '2020-03-27 15:01:11', '127.0.0.1', 'paginationBlog'),
(1915, '2020-03-27 15:01:14', '127.0.0.1', 'login'),
(1916, '2020-03-27 15:01:19', '127.0.0.1', 'doLogin'),
(1917, '2020-03-27 15:01:20', '127.0.0.1', '/'),
(1918, '2020-03-27 15:01:22', '127.0.0.1', 'blog'),
(1919, '2020-03-27 15:01:22', '127.0.0.1', 'blogToShow'),
(1920, '2020-03-27 15:01:22', '127.0.0.1', 'paginationBlog'),
(1921, '2020-03-27 15:01:31', '127.0.0.1', 'insertBlog'),
(1922, '2020-03-27 15:08:49', '127.0.0.1', 'blog'),
(1923, '2020-03-27 15:08:49', '127.0.0.1', 'blogToShow'),
(1924, '2020-03-27 15:08:49', '127.0.0.1', 'paginationBlog'),
(1925, '2020-03-27 15:19:25', '127.0.0.1', 'blog'),
(1926, '2020-03-27 15:19:26', '127.0.0.1', 'blogToShow'),
(1927, '2020-03-27 15:19:26', '127.0.0.1', 'paginationBlog'),
(1928, '2020-03-27 15:20:01', '127.0.0.1', 'blog'),
(1929, '2020-03-27 15:20:02', '127.0.0.1', 'blogToShow'),
(1930, '2020-03-27 15:20:02', '127.0.0.1', 'paginationBlog'),
(1931, '2020-03-27 15:22:56', '127.0.0.1', 'blogToShow'),
(1932, '2020-03-27 15:22:56', '127.0.0.1', 'paginationBlog'),
(1933, '2020-03-27 15:22:59', '127.0.0.1', 'blogToShow'),
(1934, '2020-03-27 15:22:59', '127.0.0.1', 'paginationBlog'),
(1935, '2020-03-27 15:29:15', '127.0.0.1', 'blog'),
(1936, '2020-03-27 15:29:15', '127.0.0.1', 'blogToShow'),
(1937, '2020-03-27 15:29:15', '127.0.0.1', 'paginationBlog'),
(1938, '2020-03-27 15:29:16', '127.0.0.1', 'blog'),
(1939, '2020-03-27 15:29:16', '127.0.0.1', 'blogToShow'),
(1940, '2020-03-27 15:29:16', '127.0.0.1', 'paginationBlog'),
(1941, '2020-03-27 15:30:04', '127.0.0.1', 'blog'),
(1942, '2020-03-27 15:30:04', '127.0.0.1', 'blogToShow'),
(1943, '2020-03-27 15:30:05', '127.0.0.1', 'paginationBlog'),
(1944, '2020-03-27 15:31:04', '127.0.0.1', 'blog'),
(1945, '2020-03-27 15:31:05', '127.0.0.1', 'blogToShow'),
(1946, '2020-03-27 15:31:05', '127.0.0.1', 'paginationBlog'),
(1947, '2020-03-27 15:33:32', '127.0.0.1', 'blog'),
(1948, '2020-03-27 15:33:32', '127.0.0.1', 'blogToShow'),
(1949, '2020-03-27 15:33:33', '127.0.0.1', 'paginationBlog'),
(1950, '2020-03-27 15:34:14', '127.0.0.1', 'blog'),
(1951, '2020-03-27 15:34:14', '127.0.0.1', 'blogToShow'),
(1952, '2020-03-27 15:34:14', '127.0.0.1', 'paginationBlog'),
(1953, '2020-03-27 15:42:42', '127.0.0.1', 'blog'),
(1954, '2020-03-27 15:42:42', '127.0.0.1', 'blogToShow'),
(1955, '2020-03-27 15:42:43', '127.0.0.1', 'blog'),
(1956, '2020-03-27 15:42:43', '127.0.0.1', 'blogToShow'),
(1957, '2020-03-27 15:42:47', '127.0.0.1', 'paginationBlog'),
(1958, '2020-03-27 15:42:55', '127.0.0.1', 'blog'),
(1959, '2020-03-27 15:42:56', '127.0.0.1', 'blogToShow'),
(1960, '2020-03-27 15:42:56', '127.0.0.1', 'paginationBlog'),
(1961, '2020-03-27 15:44:18', '127.0.0.1', 'blog'),
(1962, '2020-03-27 15:44:19', '127.0.0.1', 'blogToShow'),
(1963, '2020-03-27 15:44:19', '127.0.0.1', 'blog'),
(1964, '2020-03-27 15:44:19', '127.0.0.1', 'paginationBlog'),
(1965, '2020-03-27 15:44:19', '127.0.0.1', 'blogToShow'),
(1966, '2020-03-27 15:44:20', '127.0.0.1', 'paginationBlog'),
(1967, '2020-03-27 15:44:27', '127.0.0.1', 'insertBlog'),
(1968, '2020-03-27 15:44:39', '127.0.0.1', 'insertBlog'),
(1969, '2020-03-27 15:44:46', '127.0.0.1', 'insertBlog'),
(1970, '2020-03-27 15:45:21', '127.0.0.1', 'insertBlog'),
(1971, '2020-03-27 15:45:41', '127.0.0.1', 'insertBlog'),
(1972, '2020-03-27 15:45:45', '127.0.0.1', 'blog'),
(1973, '2020-03-27 15:45:45', '127.0.0.1', 'blogToShow'),
(1974, '2020-03-27 15:45:45', '127.0.0.1', 'paginationBlog'),
(1975, '2020-03-27 15:45:46', '127.0.0.1', 'blog'),
(1976, '2020-03-27 15:45:46', '127.0.0.1', 'blogToShow'),
(1977, '2020-03-27 15:45:46', '127.0.0.1', 'paginationBlog'),
(1978, '2020-03-27 15:45:52', '127.0.0.1', 'insertBlog'),
(1979, '2020-03-27 15:46:25', '127.0.0.1', 'insertBlog'),
(1980, '2020-03-27 15:46:29', '127.0.0.1', 'insertBlog'),
(1981, '2020-03-27 15:46:33', '127.0.0.1', 'blog'),
(1982, '2020-03-27 15:46:33', '127.0.0.1', 'blogToShow'),
(1983, '2020-03-27 15:46:34', '127.0.0.1', 'paginationBlog'),
(1984, '2020-03-27 15:46:40', '127.0.0.1', 'insertBlog'),
(1985, '2020-03-27 15:54:12', '127.0.0.1', 'insertBlog'),
(1986, '2020-03-27 15:54:19', '127.0.0.1', 'blog'),
(1987, '2020-03-27 15:54:20', '127.0.0.1', 'blogToShow'),
(1988, '2020-03-27 15:54:20', '127.0.0.1', 'paginationBlog'),
(1989, '2020-03-27 15:54:26', '127.0.0.1', 'insertBlog'),
(1990, '2020-03-27 15:55:06', '127.0.0.1', 'blog'),
(1991, '2020-03-27 15:55:06', '127.0.0.1', 'blogToShow'),
(1992, '2020-03-27 15:55:06', '127.0.0.1', 'paginationBlog'),
(1993, '2020-03-27 15:55:12', '127.0.0.1', 'insertBlog'),
(1994, '2020-03-27 15:55:17', '127.0.0.1', 'insertBlog'),
(1995, '2020-03-27 15:55:22', '127.0.0.1', 'blog'),
(1996, '2020-03-27 15:55:23', '127.0.0.1', 'blogToShow'),
(1997, '2020-03-27 15:55:23', '127.0.0.1', 'paginationBlog'),
(1998, '2020-03-27 15:55:23', '127.0.0.1', 'blog'),
(1999, '2020-03-27 15:55:24', '127.0.0.1', 'blogToShow'),
(2000, '2020-03-27 15:55:24', '127.0.0.1', 'paginationBlog'),
(2001, '2020-03-27 15:56:19', '127.0.0.1', 'blog'),
(2002, '2020-03-27 15:56:19', '127.0.0.1', 'blogToShow'),
(2003, '2020-03-27 15:56:19', '127.0.0.1', 'paginationBlog'),
(2004, '2020-03-27 15:56:26', '127.0.0.1', 'insertBlog'),
(2005, '2020-03-27 15:57:35', '127.0.0.1', 'insertBlog'),
(2006, '2020-03-27 15:58:46', '127.0.0.1', 'insertBlog'),
(2007, '2020-03-27 15:58:46', '127.0.0.1', 'blog'),
(2008, '2020-03-27 15:58:47', '127.0.0.1', 'blogToShow'),
(2009, '2020-03-27 15:58:47', '127.0.0.1', 'paginationBlog'),
(2010, '2020-03-27 15:58:49', '127.0.0.1', 'blogToShow'),
(2011, '2020-03-27 15:58:49', '127.0.0.1', 'paginationBlog'),
(2012, '2020-03-27 15:59:28', '127.0.0.1', 'blog'),
(2013, '2020-03-27 15:59:29', '127.0.0.1', 'blogToShow'),
(2014, '2020-03-27 15:59:29', '127.0.0.1', 'paginationBlog'),
(2015, '2020-03-27 15:59:41', '127.0.0.1', 'insertBlog'),
(2016, '2020-03-27 15:59:41', '127.0.0.1', 'blog'),
(2017, '2020-03-27 15:59:41', '127.0.0.1', 'blogToShow'),
(2018, '2020-03-27 15:59:41', '127.0.0.1', 'paginationBlog'),
(2019, '2020-03-27 15:59:44', '127.0.0.1', 'blogToShow'),
(2020, '2020-03-27 15:59:44', '127.0.0.1', 'paginationBlog'),
(2021, '2020-03-27 15:59:59', '127.0.0.1', 'blogToShow'),
(2022, '2020-03-27 15:59:59', '127.0.0.1', 'paginationBlog'),
(2023, '2020-03-27 16:00:00', '127.0.0.1', 'blogToShow'),
(2024, '2020-03-27 16:00:01', '127.0.0.1', 'blogToShow'),
(2025, '2020-03-27 16:00:01', '127.0.0.1', 'paginationBlog'),
(2026, '2020-03-27 16:00:01', '127.0.0.1', 'blogToShow'),
(2027, '2020-03-27 16:00:01', '127.0.0.1', 'paginationBlog'),
(2028, '2020-03-27 16:00:01', '127.0.0.1', 'blogToShow'),
(2029, '2020-03-27 16:00:01', '127.0.0.1', 'blogToShow'),
(2030, '2020-03-27 16:00:01', '127.0.0.1', 'paginationBlog'),
(2031, '2020-03-27 16:00:02', '127.0.0.1', 'paginationBlog'),
(2032, '2020-03-27 16:00:02', '127.0.0.1', 'blogToShow'),
(2033, '2020-03-27 16:00:02', '127.0.0.1', 'paginationBlog'),
(2034, '2020-03-27 16:00:02', '127.0.0.1', 'blogToShow'),
(2035, '2020-03-27 16:00:02', '127.0.0.1', 'paginationBlog'),
(2036, '2020-03-27 16:00:02', '127.0.0.1', 'paginationBlog'),
(2037, '2020-03-27 16:00:11', '127.0.0.1', 'blogToShow'),
(2038, '2020-03-27 16:00:11', '127.0.0.1', 'paginationBlog'),
(2039, '2020-03-27 16:00:12', '127.0.0.1', 'blogToShow'),
(2040, '2020-03-27 16:00:12', '127.0.0.1', 'paginationBlog'),
(2041, '2020-03-27 16:03:11', '127.0.0.1', 'blog'),
(2042, '2020-03-27 16:03:11', '127.0.0.1', 'blogToShow'),
(2043, '2020-03-27 16:03:12', '127.0.0.1', 'blogToShow'),
(2044, '2020-03-27 16:03:12', '127.0.0.1', 'paginationBlog'),
(2045, '2020-03-27 16:03:14', '127.0.0.1', 'blogToShow'),
(2046, '2020-03-27 16:03:14', '127.0.0.1', 'paginationBlog'),
(2047, '2020-03-27 16:03:38', '127.0.0.1', 'blog'),
(2048, '2020-03-27 16:03:38', '127.0.0.1', 'blogToShow'),
(2049, '2020-03-27 16:03:38', '127.0.0.1', 'paginationBlog'),
(2050, '2020-03-27 16:04:15', '127.0.0.1', 'blog'),
(2051, '2020-03-27 16:04:16', '127.0.0.1', 'blogToShow'),
(2052, '2020-03-27 16:04:16', '127.0.0.1', 'paginationBlog'),
(2053, '2020-03-27 16:05:11', '127.0.0.1', 'logout'),
(2054, '2020-03-27 16:05:11', '127.0.0.1', '/'),
(2055, '2020-03-27 16:05:14', '127.0.0.1', 'blog'),
(2056, '2020-03-27 16:05:14', '127.0.0.1', 'blogToShow'),
(2057, '2020-03-27 16:05:14', '127.0.0.1', 'paginationBlog'),
(2058, '2020-03-27 16:05:16', '127.0.0.1', 'blogToShow'),
(2059, '2020-03-27 16:05:16', '127.0.0.1', 'paginationBlog'),
(2060, '2020-03-27 16:05:22', '127.0.0.1', 'login'),
(2061, '2020-03-27 16:05:26', '127.0.0.1', 'doLogin'),
(2062, '2020-03-27 16:05:28', '127.0.0.1', '/'),
(2063, '2020-03-27 16:05:29', '127.0.0.1', 'admin'),
(2064, '2020-03-27 16:05:38', '127.0.0.1', 'admin/formPostInsert'),
(2065, '2020-03-27 16:09:34', '127.0.0.1', 'admin/formPostInsert'),
(2066, '2020-03-27 16:09:36', '127.0.0.1', 'admin/formPostInsert'),
(2067, '2020-03-27 16:09:50', '127.0.0.1', 'insertBlog'),
(2068, '2020-03-27 16:09:50', '127.0.0.1', 'blog'),
(2069, '2020-03-27 16:09:50', '127.0.0.1', 'blogToShow'),
(2070, '2020-03-27 16:09:50', '127.0.0.1', 'paginationBlog'),
(2071, '2020-03-27 16:09:54', '127.0.0.1', 'blogToShow'),
(2072, '2020-03-27 16:09:54', '127.0.0.1', 'paginationBlog'),
(2073, '2020-03-27 16:15:30', '127.0.0.1', 'admin'),
(2074, '2020-03-27 16:15:33', '127.0.0.1', 'admin/formPostInsert'),
(2075, '2020-03-27 16:23:55', '127.0.0.1', 'admin/formPostInsert'),
(2076, '2020-03-27 16:24:08', '127.0.0.1', 'insertPost'),
(2077, '2020-03-27 16:24:58', '127.0.0.1', 'insertPost'),
(2078, '2020-03-27 16:25:07', '127.0.0.1', 'insertPost'),
(2079, '2020-03-27 16:25:35', '127.0.0.1', 'insertPost'),
(2080, '2020-03-27 16:26:02', '127.0.0.1', 'insertPost'),
(2081, '2020-03-27 16:26:07', '127.0.0.1', 'admin/formPostInsert'),
(2082, '2020-03-27 16:26:14', '127.0.0.1', 'insertPost'),
(2083, '2020-03-27 16:26:14', '127.0.0.1', 'gallery'),
(2084, '2020-03-27 16:26:14', '127.0.0.1', 'sort'),
(2085, '2020-03-27 16:26:14', '127.0.0.1', 'paginationGallery'),
(2086, '2020-03-27 16:26:17', '127.0.0.1', 'sort'),
(2087, '2020-03-27 16:26:17', '127.0.0.1', 'paginationGallery'),
(2088, '2020-03-27 16:27:51', '127.0.0.1', 'gallery'),
(2089, '2020-03-27 16:27:51', '127.0.0.1', 'sort'),
(2090, '2020-03-27 16:27:52', '127.0.0.1', 'paginationGallery'),
(2091, '2020-03-27 16:27:53', '127.0.0.1', 'sort'),
(2092, '2020-03-27 16:27:54', '127.0.0.1', 'paginationGallery'),
(2093, '2020-03-27 16:28:00', '127.0.0.1', 'sort'),
(2094, '2020-03-27 16:28:00', '127.0.0.1', 'paginationGallery'),
(2095, '2020-03-27 16:28:03', '127.0.0.1', 'sort'),
(2096, '2020-03-27 16:28:03', '127.0.0.1', 'paginationGallery'),
(2097, '2020-03-27 16:28:04', '127.0.0.1', 'sort'),
(2098, '2020-03-27 16:28:04', '127.0.0.1', 'paginationGallery'),
(2099, '2020-03-27 16:28:05', '127.0.0.1', 'gallery'),
(2100, '2020-03-27 16:28:05', '127.0.0.1', 'sort'),
(2101, '2020-03-27 16:28:06', '127.0.0.1', 'paginationGallery'),
(2102, '2020-03-27 16:36:30', '127.0.0.1', 'admin'),
(2103, '2020-03-27 16:36:34', '127.0.0.1', 'admin/tablesPostsAdmin'),
(2104, '2020-03-27 16:37:19', '127.0.0.1', 'admin/tablesPostsAdmin'),
(2105, '2020-03-27 16:38:13', '127.0.0.1', 'admin/tablesPostsAdmin'),
(2106, '2020-03-27 16:38:35', '127.0.0.1', 'admin/tablesPostsAdmin'),
(2107, '2020-03-27 16:38:42', '127.0.0.1', 'admin/tablesPostsAdmin'),
(2108, '2020-03-27 16:38:53', '127.0.0.1', 'admin/tablesPostsAdmin'),
(2109, '2020-03-27 16:39:23', '127.0.0.1', 'admin/tablesPostsAdmin'),
(2110, '2020-03-27 16:39:25', '127.0.0.1', 'admin/tablesPostsAdmin'),
(2111, '2020-03-27 16:39:26', '127.0.0.1', 'admin/tablesPostsAdmin'),
(2112, '2020-03-27 16:39:38', '127.0.0.1', 'admin/tablesPostsAdmin'),
(2113, '2020-03-27 16:39:51', '127.0.0.1', 'admin/updatePost/{id}'),
(2114, '2020-03-27 16:44:28', '127.0.0.1', 'admin/updatePost/{id}'),
(2115, '2020-03-27 16:52:11', '127.0.0.1', 'admin/updatePost/{id}'),
(2116, '2020-03-27 16:52:16', '127.0.0.1', 'admin/doUpdatePost'),
(2117, '2020-03-27 16:52:31', '127.0.0.1', 'admin/doUpdatePost'),
(2118, '2020-03-27 16:52:31', '127.0.0.1', 'admin/tablesPostsAdmin'),
(2119, '2020-03-27 16:52:59', '127.0.0.1', 'admin/tablesPostsAdmin'),
(2120, '2020-03-27 16:53:01', '127.0.0.1', 'admin/actionsAdmin'),
(2121, '2020-03-27 16:53:07', '127.0.0.1', 'admin/tablesPostsAdmin'),
(2122, '2020-03-27 16:53:12', '127.0.0.1', 'admin/updatePost/{id}'),
(2123, '2020-03-27 16:53:16', '127.0.0.1', 'admin/doUpdatePost'),
(2124, '2020-03-27 16:53:16', '127.0.0.1', 'admin/tablesPostsAdmin'),
(2125, '2020-03-27 16:58:17', '127.0.0.1', 'admin/tablesPostsAdmin'),
(2126, '2020-03-27 16:58:20', '127.0.0.1', 'admin/updatePost/{id}'),
(2127, '2020-03-27 16:58:26', '127.0.0.1', 'admin/doUpdatePost'),
(2128, '2020-03-27 16:58:26', '127.0.0.1', 'admin/tablesPostsAdmin'),
(2129, '2020-03-27 16:58:33', '127.0.0.1', 'logout'),
(2130, '2020-03-27 16:58:33', '127.0.0.1', '/'),
(2131, '2020-03-27 16:58:38', '127.0.0.1', 'gallery'),
(2132, '2020-03-27 16:58:38', '127.0.0.1', 'sort'),
(2133, '2020-03-27 16:58:38', '127.0.0.1', 'paginationGallery'),
(2134, '2020-03-27 16:58:39', '127.0.0.1', 'sort'),
(2135, '2020-03-27 16:58:40', '127.0.0.1', 'paginationGallery'),
(2136, '2020-03-27 16:58:51', '127.0.0.1', 'login'),
(2137, '2020-03-27 16:58:59', '127.0.0.1', 'doLogin'),
(2138, '2020-03-27 16:59:00', '127.0.0.1', '/'),
(2139, '2020-03-27 16:59:01', '127.0.0.1', 'admin'),
(2140, '2020-03-27 16:59:02', '127.0.0.1', 'admin/actionsAdmin'),
(2141, '2020-03-27 16:59:53', '127.0.0.1', 'admin/actionsAdmin'),
(2142, '2020-03-27 16:59:57', '127.0.0.1', 'admin/tablesPostsAdmin'),
(2143, '2020-03-27 17:00:03', '127.0.0.1', 'admin/updatePost/{id}'),
(2144, '2020-03-27 17:00:08', '127.0.0.1', 'admin/doUpdatePost'),
(2145, '2020-03-27 17:00:08', '127.0.0.1', 'admin/tablesPostsAdmin'),
(2146, '2020-03-27 17:00:48', '127.0.0.1', 'admin/tablesPostsAdmin'),
(2147, '2020-03-27 17:00:52', '127.0.0.1', 'admin/updatePost/{id}'),
(2148, '2020-03-27 17:00:57', '127.0.0.1', 'admin/doUpdatePost'),
(2149, '2020-03-27 17:00:57', '127.0.0.1', 'admin/tablesPostsAdmin'),
(2150, '2020-03-27 17:02:54', '127.0.0.1', 'admin/tablesPostsAdmin'),
(2151, '2020-03-27 17:03:07', '127.0.0.1', 'admin/tablesPostsAdmin'),
(2152, '2020-03-27 17:03:28', '127.0.0.1', 'admin/tablesUsersAdmin'),
(2153, '2020-03-27 17:03:33', '127.0.0.1', 'admin/tablesPostsAdmin'),
(2154, '2020-03-27 17:05:06', '127.0.0.1', 'admin/tablesPostsAdmin'),
(2155, '2020-03-27 17:05:10', '127.0.0.1', 'admin/updatePost/{id}'),
(2156, '2020-03-27 17:05:14', '127.0.0.1', 'admin/doUpdatePost'),
(2157, '2020-03-27 17:05:34', '127.0.0.1', 'admin/doUpdatePost'),
(2158, '2020-03-27 17:05:34', '127.0.0.1', 'admin/tablesPostsAdmin'),
(2159, '2020-03-27 17:05:41', '127.0.0.1', '/'),
(2160, '2020-03-27 17:05:44', '127.0.0.1', 'admin'),
(2161, '2020-03-27 17:05:47', '127.0.0.1', 'admin/tablesPostsAdmin'),
(2162, '2020-03-27 17:05:50', '127.0.0.1', 'admin/updatePost/{id}'),
(2163, '2020-03-27 17:05:54', '127.0.0.1', 'admin/doUpdatePost'),
(2164, '2020-03-27 17:05:54', '127.0.0.1', 'admin/tablesPostsAdmin'),
(2165, '2020-03-27 17:05:58', '127.0.0.1', 'admin/updatePost/{id}'),
(2166, '2020-03-27 17:06:04', '127.0.0.1', 'admin/doUpdatePost'),
(2167, '2020-03-27 17:06:04', '127.0.0.1', 'admin/tablesPostsAdmin'),
(2168, '2020-03-27 17:06:08', '127.0.0.1', 'admin/updatePost/{id}'),
(2169, '2020-03-27 17:06:17', '127.0.0.1', 'admin/doUpdatePost'),
(2170, '2020-03-27 17:06:17', '127.0.0.1', 'admin/tablesPostsAdmin'),
(2171, '2020-03-27 17:09:39', '127.0.0.1', 'admin/tablesPostsAdmin'),
(2172, '2020-03-27 17:09:42', '127.0.0.1', 'admin/updatePost/{id}'),
(2173, '2020-03-27 17:09:48', '127.0.0.1', 'admin/doUpdatePost'),
(2174, '2020-03-27 17:09:48', '127.0.0.1', 'admin/tablesPostsAdmin'),
(2175, '2020-03-27 17:12:09', '127.0.0.1', 'admin/tablesPostsAdmin'),
(2176, '2020-03-27 17:12:50', '127.0.0.1', 'admin/tablesPostsAdmin'),
(2177, '2020-03-27 17:16:31', '127.0.0.1', 'admin/updatePost/{id}'),
(2178, '2020-03-27 17:16:36', '127.0.0.1', 'admin/doUpdatePost'),
(2179, '2020-03-27 17:16:36', '127.0.0.1', 'admin/tablesPostsAdmin'),
(2180, '2020-03-27 17:16:39', '127.0.0.1', 'admin/updatePost/{id}'),
(2181, '2020-03-27 17:16:43', '127.0.0.1', 'admin/doUpdatePost'),
(2182, '2020-03-27 17:16:43', '127.0.0.1', 'admin/tablesPostsAdmin'),
(2183, '2020-03-27 17:16:46', '127.0.0.1', 'admin/updatePost/{id}'),
(2184, '2020-03-27 17:16:50', '127.0.0.1', 'admin/doUpdatePost'),
(2185, '2020-03-27 17:16:50', '127.0.0.1', 'admin/tablesPostsAdmin'),
(2186, '2020-03-27 17:25:29', '127.0.0.1', 'admin/formPostInsert'),
(2187, '2020-03-27 17:25:41', '127.0.0.1', 'insertPost'),
(2188, '2020-03-27 17:26:44', '127.0.0.1', 'insertPost'),
(2189, '2020-03-27 17:26:45', '127.0.0.1', 'gallery'),
(2190, '2020-03-27 17:26:45', '127.0.0.1', 'sort'),
(2191, '2020-03-27 17:26:45', '127.0.0.1', 'paginationGallery'),
(2192, '2020-03-27 17:26:48', '127.0.0.1', '/'),
(2193, '2020-03-27 17:27:13', '127.0.0.1', '/'),
(2194, '2020-03-27 17:27:21', '127.0.0.1', 'admin'),
(2195, '2020-03-27 17:27:24', '127.0.0.1', 'admin/formPostInsert'),
(2196, '2020-03-27 17:27:36', '127.0.0.1', 'insertBlog'),
(2197, '2020-03-27 17:27:36', '127.0.0.1', 'blog'),
(2198, '2020-03-27 17:27:36', '127.0.0.1', 'blogToShow'),
(2199, '2020-03-27 17:27:36', '127.0.0.1', 'paginationBlog'),
(2200, '2020-03-27 17:27:39', '127.0.0.1', 'blogToShow'),
(2201, '2020-03-27 17:27:39', '127.0.0.1', 'paginationBlog'),
(2202, '2020-03-27 17:27:45', '127.0.0.1', 'blogToShow'),
(2203, '2020-03-27 17:27:45', '127.0.0.1', 'paginationBlog'),
(2204, '2020-03-27 17:28:15', '127.0.0.1', 'admin'),
(2205, '2020-03-27 17:28:18', '127.0.0.1', 'admin/tablesPostsAdmin'),
(2206, '2020-03-27 17:28:32', '127.0.0.1', 'admin/updatePost/{id}'),
(2207, '2020-03-27 17:28:44', '127.0.0.1', 'admin/doUpdatePost'),
(2208, '2020-03-27 17:28:45', '127.0.0.1', 'admin/tablesPostsAdmin'),
(2209, '2020-03-27 17:41:13', '127.0.0.1', 'admin/updatePost/{id}'),
(2210, '2020-03-27 17:41:21', '127.0.0.1', 'admin/doUpdatePost'),
(2211, '2020-03-27 17:41:21', '127.0.0.1', 'admin/tablesPostsAdmin'),
(2212, '2020-03-27 17:41:26', '127.0.0.1', 'admin/updatePost/{id}'),
(2213, '2020-03-27 17:41:34', '127.0.0.1', 'admin/doUpdatePost'),
(2214, '2020-03-27 17:41:34', '127.0.0.1', 'admin/tablesPostsAdmin'),
(2215, '2020-03-27 17:41:46', '127.0.0.1', 'admin/updatePost/{id}'),
(2216, '2020-03-27 17:41:52', '127.0.0.1', 'admin/doUpdatePost'),
(2217, '2020-03-27 17:41:52', '127.0.0.1', 'admin/tablesPostsAdmin'),
(2218, '2020-03-27 17:44:45', '127.0.0.1', 'admin/tablesPostsAdmin'),
(2219, '2020-03-27 17:44:48', '127.0.0.1', 'admin/updatePost/{id}'),
(2220, '2020-03-27 17:44:51', '127.0.0.1', 'admin/doUpdatePost'),
(2221, '2020-03-27 17:50:10', '127.0.0.1', 'admin/doUpdatePost'),
(2222, '2020-03-27 17:50:28', '127.0.0.1', 'admin/doUpdatePost'),
(2223, '2020-03-27 17:50:38', '127.0.0.1', 'admin'),
(2224, '2020-03-27 17:50:40', '127.0.0.1', 'admin/tablesPostsAdmin'),
(2225, '2020-03-27 17:50:43', '127.0.0.1', 'admin/formPostInsert'),
(2226, '2020-03-27 17:51:25', '127.0.0.1', 'insertBlog'),
(2227, '2020-03-27 17:51:25', '127.0.0.1', 'blog'),
(2228, '2020-03-27 17:51:25', '127.0.0.1', 'blogToShow'),
(2229, '2020-03-27 17:51:25', '127.0.0.1', 'paginationBlog'),
(2230, '2020-03-27 17:51:28', '127.0.0.1', 'blogToShow'),
(2231, '2020-03-27 17:51:28', '127.0.0.1', 'paginationBlog'),
(2232, '2020-03-27 17:51:31', '127.0.0.1', 'blogToShow'),
(2233, '2020-03-27 17:51:31', '127.0.0.1', 'paginationBlog'),
(2234, '2020-03-27 17:51:36', '127.0.0.1', 'blogToShow'),
(2235, '2020-03-27 17:51:37', '127.0.0.1', 'paginationBlog'),
(2236, '2020-03-27 17:53:07', '127.0.0.1', 'admin'),
(2237, '2020-03-27 17:53:10', '127.0.0.1', 'admin/tablesPostsAdmin'),
(2238, '2020-03-27 17:53:15', '127.0.0.1', 'admin/updatePost/{id}'),
(2239, '2020-03-27 17:55:18', '127.0.0.1', 'admin/updatePost/{id}'),
(2240, '2020-03-27 17:55:28', '127.0.0.1', 'admin/doUpdatePost'),
(2241, '2020-03-27 17:55:28', '127.0.0.1', 'admin/tablesPostsAdmin'),
(2242, '2020-03-27 17:55:42', '127.0.0.1', 'admin/tablesPostsAdmin'),
(2243, '2020-03-27 17:55:45', '127.0.0.1', 'admin/updatePost/{id}'),
(2244, '2020-03-27 17:56:57', '127.0.0.1', 'admin/updatePost/{id}'),
(2245, '2020-03-27 17:57:00', '127.0.0.1', 'admin/updatePost/{id}'),
(2246, '2020-03-27 17:57:06', '127.0.0.1', 'admin/doUpdatePost'),
(2247, '2020-03-27 17:59:22', '127.0.0.1', 'admin/doUpdatePost'),
(2248, '2020-03-27 17:59:31', '127.0.0.1', 'admin/updatePost/{id}'),
(2249, '2020-03-27 17:59:35', '127.0.0.1', 'admin/doUpdatePost'),
(2250, '2020-03-27 18:00:05', '127.0.0.1', 'admin/updatePost/{id}'),
(2251, '2020-03-27 18:00:10', '127.0.0.1', 'admin/doUpdatePost'),
(2252, '2020-03-27 18:00:10', '127.0.0.1', 'admin/tablesPostsAdmin'),
(2253, '2020-03-27 18:02:23', '127.0.0.1', 'admin/updateBlog/{id}'),
(2254, '2020-03-27 18:18:32', '127.0.0.1', 'admin/updateBlog/{id}'),
(2255, '2020-03-27 18:19:06', '127.0.0.1', 'admin/updateBlog/{id}'),
(2256, '2020-03-27 18:19:25', '127.0.0.1', 'admin/updateBlog/{id}'),
(2257, '2020-03-27 18:19:30', '127.0.0.1', 'admin/doUpdateBlog'),
(2258, '2020-03-27 18:20:20', '127.0.0.1', 'admin/doUpdateBlog'),
(2259, '2020-03-27 18:20:23', '127.0.0.1', 'admin/doUpdateBlog'),
(2260, '2020-03-27 18:20:25', '127.0.0.1', 'admin/updateBlog/{id}'),
(2261, '2020-03-27 18:20:25', '127.0.0.1', 'admin/updateBlog/{id}'),
(2262, '2020-03-27 18:20:58', '127.0.0.1', 'admin/updateBlog/{id}'),
(2263, '2020-03-27 18:21:02', '127.0.0.1', 'admin/doUpdateBlog'),
(2264, '2020-03-27 18:21:06', '127.0.0.1', 'admin/updateBlog/{id}'),
(2265, '2020-03-27 18:21:07', '127.0.0.1', 'admin/updateBlog/{id}'),
(2266, '2020-03-27 18:22:04', '127.0.0.1', 'admin/doUpdateBlog'),
(2267, '2020-03-27 18:22:04', '127.0.0.1', 'admin/tablesPostsAdmin'),
(2268, '2020-03-27 18:22:15', '127.0.0.1', 'admin/updateBlog/{id}'),
(2269, '2020-03-27 18:22:18', '127.0.0.1', 'admin/doUpdateBlog'),
(2270, '2020-03-27 18:22:18', '127.0.0.1', 'admin/tablesPostsAdmin'),
(2271, '2020-03-27 18:22:30', '127.0.0.1', 'admin/tablesPostsAdmin'),
(2272, '2020-03-27 18:22:33', '127.0.0.1', 'admin/updateBlog/{id}'),
(2273, '2020-03-27 18:22:36', '127.0.0.1', 'admin/doUpdateBlog'),
(2274, '2020-03-27 18:22:37', '127.0.0.1', 'admin/tablesPostsAdmin'),
(2275, '2020-03-27 18:23:50', '127.0.0.1', 'admin/tablesPostsAdmin'),
(2276, '2020-03-27 18:23:55', '127.0.0.1', 'admin/updateBlog/{id}'),
(2277, '2020-03-27 18:23:57', '127.0.0.1', 'admin/doUpdateBlog'),
(2278, '2020-03-27 18:24:53', '127.0.0.1', 'admin/updateBlog/{id}'),
(2279, '2020-03-27 18:24:54', '127.0.0.1', 'admin/doUpdateBlog'),
(2280, '2020-03-27 18:29:16', '127.0.0.1', 'admin/doUpdateBlog'),
(2281, '2020-03-27 18:29:19', '127.0.0.1', 'admin/doUpdateBlog'),
(2282, '2020-03-27 18:29:24', '127.0.0.1', 'admin/tablesPostsAdmin'),
(2283, '2020-03-27 18:29:25', '127.0.0.1', 'admin/tablesPostsAdmin'),
(2284, '2020-03-27 18:29:30', '127.0.0.1', 'admin/updateBlog/{id}'),
(2285, '2020-03-27 18:29:32', '127.0.0.1', 'admin/doUpdateBlog'),
(2286, '2020-03-27 18:29:39', '127.0.0.1', 'admin/doUpdateBlog'),
(2287, '2020-03-27 18:29:49', '127.0.0.1', 'admin/doUpdateBlog'),
(2288, '2020-03-27 18:29:49', '127.0.0.1', 'admin/tablesPostsAdmin'),
(2289, '2020-03-27 18:29:55', '127.0.0.1', 'admin/updateBlog/{id}'),
(2290, '2020-03-27 18:30:09', '127.0.0.1', 'admin/doUpdateBlog'),
(2291, '2020-03-27 18:30:09', '127.0.0.1', 'admin/tablesPostsAdmin'),
(2292, '2020-03-27 18:30:15', '127.0.0.1', 'admin/updateBlog/{id}'),
(2293, '2020-03-27 18:30:20', '127.0.0.1', 'admin/doUpdateBlog');
INSERT INTO `requests` (`id`, `created_at`, `ip`, `route_name`) VALUES
(2294, '2020-03-27 18:30:20', '127.0.0.1', 'admin/tablesPostsAdmin'),
(2295, '2020-03-27 18:30:38', '127.0.0.1', 'admin/formPostInsert'),
(2296, '2020-03-27 18:32:22', '127.0.0.1', 'admin/formPostInsert'),
(2297, '2020-03-27 18:33:46', '127.0.0.1', 'admin/formPostInsert'),
(2298, '2020-03-27 18:33:55', '127.0.0.1', 'admin/formPostInsert'),
(2299, '2020-03-27 18:34:01', '127.0.0.1', 'admin/formPostInsert'),
(2300, '2020-03-27 18:35:13', '127.0.0.1', 'admin/formPostInsert'),
(2301, '2020-03-27 18:35:37', '127.0.0.1', 'admin/formPostInsert'),
(2302, '2020-03-27 18:35:47', '127.0.0.1', 'admin/formPostInsert'),
(2303, '2020-03-27 18:35:50', '127.0.0.1', 'admin/formPostInsert'),
(2304, '2020-03-27 18:41:55', '127.0.0.1', 'admin/tablesPostsAdmin'),
(2305, '2020-03-27 18:41:59', '127.0.0.1', 'admin/updateBlog/{id}'),
(2306, '2020-03-27 18:42:04', '127.0.0.1', 'admin/doUpdateBlog'),
(2307, '2020-03-27 18:42:08', '127.0.0.1', 'admin/doUpdateBlog'),
(2308, '2020-03-27 18:42:08', '127.0.0.1', 'admin/tablesPostsAdmin'),
(2309, '2020-03-27 18:42:17', '127.0.0.1', 'admin/formPostInsert'),
(2310, '2020-03-27 18:44:21', '127.0.0.1', 'admin/formPostInsert'),
(2311, '2020-03-27 18:44:27', '127.0.0.1', 'admin/insertCategory'),
(2312, '2020-03-27 18:44:28', '127.0.0.1', 'admin/tablesPostsAdmin'),
(2313, '2020-03-27 18:44:34', '127.0.0.1', '/'),
(2314, '2020-03-27 18:44:35', '127.0.0.1', 'blog'),
(2315, '2020-03-27 18:44:35', '127.0.0.1', 'blogToShow'),
(2316, '2020-03-27 18:44:35', '127.0.0.1', 'paginationBlog'),
(2317, '2020-03-27 18:44:37', '127.0.0.1', 'blogToShow'),
(2318, '2020-03-27 18:44:37', '127.0.0.1', 'paginationBlog'),
(2319, '2020-03-27 18:44:43', '127.0.0.1', 'admin'),
(2320, '2020-03-27 18:44:48', '127.0.0.1', 'admin/tablesPostsAdmin'),
(2321, '2020-03-27 18:44:52', '127.0.0.1', 'admin/deleteCategory/{id}'),
(2322, '2020-03-27 18:44:53', '127.0.0.1', 'admin/tablesPostsAdmin'),
(2323, '2020-03-27 18:56:13', '127.0.0.1', '/'),
(2324, '2020-03-27 18:56:15', '127.0.0.1', '/'),
(2325, '2020-03-27 18:56:16', '127.0.0.1', 'logout'),
(2326, '2020-03-27 18:56:16', '127.0.0.1', '/'),
(2327, '2020-03-27 18:56:18', '127.0.0.1', '/'),
(2328, '2020-03-27 18:56:20', '127.0.0.1', 'gallery'),
(2329, '2020-03-27 18:56:20', '127.0.0.1', 'sort'),
(2330, '2020-03-27 18:56:20', '127.0.0.1', 'paginationGallery'),
(2331, '2020-03-27 18:56:22', '127.0.0.1', 'sort'),
(2332, '2020-03-27 18:56:22', '127.0.0.1', 'paginationGallery'),
(2333, '2020-03-27 18:56:23', '127.0.0.1', 'sort'),
(2334, '2020-03-27 18:56:23', '127.0.0.1', 'paginationGallery'),
(2335, '2020-03-27 18:56:24', '127.0.0.1', 'sort'),
(2336, '2020-03-27 18:56:24', '127.0.0.1', 'paginationGallery'),
(2337, '2020-03-27 18:56:25', '127.0.0.1', 'sort'),
(2338, '2020-03-27 18:56:26', '127.0.0.1', 'paginationGallery'),
(2339, '2020-03-27 18:56:26', '127.0.0.1', 'sort'),
(2340, '2020-03-27 18:56:26', '127.0.0.1', 'paginationGallery'),
(2341, '2020-03-27 18:56:28', '127.0.0.1', 'blog'),
(2342, '2020-03-27 18:56:28', '127.0.0.1', 'blogToShow'),
(2343, '2020-03-27 18:56:29', '127.0.0.1', 'paginationBlog'),
(2344, '2020-03-27 18:56:30', '127.0.0.1', 'blogToShow'),
(2345, '2020-03-27 18:56:30', '127.0.0.1', 'paginationBlog'),
(2346, '2020-03-27 18:56:33', '127.0.0.1', 'blog'),
(2347, '2020-03-27 18:56:33', '127.0.0.1', 'blogToShow'),
(2348, '2020-03-27 18:56:34', '127.0.0.1', 'paginationBlog'),
(2349, '2020-03-27 18:56:37', '127.0.0.1', 'blogToShow'),
(2350, '2020-03-27 18:56:37', '127.0.0.1', 'blogToShow'),
(2351, '2020-03-27 18:56:37', '127.0.0.1', 'paginationBlog'),
(2352, '2020-03-27 18:56:37', '127.0.0.1', 'blogToShow'),
(2353, '2020-03-27 18:56:38', '127.0.0.1', 'paginationBlog'),
(2354, '2020-03-27 18:56:38', '127.0.0.1', 'paginationBlog'),
(2355, '2020-03-27 18:56:38', '127.0.0.1', 'blogToShow'),
(2356, '2020-03-27 18:56:38', '127.0.0.1', 'paginationBlog'),
(2357, '2020-03-27 18:56:38', '127.0.0.1', 'blogToShow'),
(2358, '2020-03-27 18:56:38', '127.0.0.1', 'paginationBlog'),
(2359, '2020-03-27 18:56:39', '127.0.0.1', 'blogToShow'),
(2360, '2020-03-27 18:56:39', '127.0.0.1', 'blogToShow'),
(2361, '2020-03-27 18:56:39', '127.0.0.1', 'paginationBlog'),
(2362, '2020-03-27 18:56:39', '127.0.0.1', 'blogToShow'),
(2363, '2020-03-27 18:56:40', '127.0.0.1', 'paginationBlog'),
(2364, '2020-03-27 18:56:40', '127.0.0.1', 'blogToShow'),
(2365, '2020-03-27 18:56:40', '127.0.0.1', 'paginationBlog'),
(2366, '2020-03-27 18:56:40', '127.0.0.1', 'paginationBlog'),
(2367, '2020-03-27 18:56:41', '127.0.0.1', 'blogToShow'),
(2368, '2020-03-27 18:56:41', '127.0.0.1', 'paginationBlog'),
(2369, '2020-03-27 18:56:44', '127.0.0.1', 'blogToShow'),
(2370, '2020-03-27 18:56:44', '127.0.0.1', 'blogToShow'),
(2371, '2020-03-27 18:56:44', '127.0.0.1', 'paginationBlog'),
(2372, '2020-03-27 18:56:44', '127.0.0.1', 'blogToShow'),
(2373, '2020-03-27 18:56:44', '127.0.0.1', 'blogToShow'),
(2374, '2020-03-27 18:56:44', '127.0.0.1', 'paginationBlog'),
(2375, '2020-03-27 18:56:44', '127.0.0.1', 'paginationBlog'),
(2376, '2020-03-27 18:56:45', '127.0.0.1', 'blogToShow'),
(2377, '2020-03-27 18:56:45', '127.0.0.1', 'blogToShow'),
(2378, '2020-03-27 18:56:45', '127.0.0.1', 'paginationBlog'),
(2379, '2020-03-27 18:56:45', '127.0.0.1', 'blogToShow'),
(2380, '2020-03-27 18:56:45', '127.0.0.1', 'paginationBlog'),
(2381, '2020-03-27 18:56:45', '127.0.0.1', 'blogToShow'),
(2382, '2020-03-27 18:56:45', '127.0.0.1', 'paginationBlog'),
(2383, '2020-03-27 18:56:46', '127.0.0.1', 'blogToShow'),
(2384, '2020-03-27 18:56:46', '127.0.0.1', 'paginationBlog'),
(2385, '2020-03-27 18:56:46', '127.0.0.1', 'blogToShow'),
(2386, '2020-03-27 18:56:46', '127.0.0.1', 'paginationBlog'),
(2387, '2020-03-27 18:56:46', '127.0.0.1', 'paginationBlog'),
(2388, '2020-03-27 18:56:46', '127.0.0.1', 'blogToShow'),
(2389, '2020-03-27 18:56:47', '127.0.0.1', 'paginationBlog'),
(2390, '2020-03-27 18:56:47', '127.0.0.1', 'paginationBlog'),
(2391, '2020-03-27 18:56:47', '127.0.0.1', 'blog'),
(2392, '2020-03-27 18:56:47', '127.0.0.1', 'blogToShow'),
(2393, '2020-03-27 18:56:47', '127.0.0.1', 'blogToShow'),
(2394, '2020-03-27 18:56:47', '127.0.0.1', 'paginationBlog'),
(2395, '2020-03-27 18:56:50', '127.0.0.1', 'contact'),
(2396, '2020-03-27 18:57:04', '127.0.0.1', 'insertContactMessage'),
(2397, '2020-03-27 18:57:44', '127.0.0.1', 'login'),
(2398, '2020-03-27 18:57:51', '127.0.0.1', 'doLogin'),
(2399, '2020-03-27 18:57:52', '127.0.0.1', '/'),
(2400, '2020-03-27 18:57:57', '127.0.0.1', 'admin'),
(2401, '2020-03-27 18:57:57', '127.0.0.1', '/'),
(2402, '2020-03-27 18:58:01', '127.0.0.1', 'blog'),
(2403, '2020-03-27 18:58:01', '127.0.0.1', 'blogToShow'),
(2404, '2020-03-27 18:58:01', '127.0.0.1', 'paginationBlog'),
(2405, '2020-03-27 18:58:10', '127.0.0.1', 'insertBlog'),
(2406, '2020-03-27 18:58:10', '127.0.0.1', 'blog'),
(2407, '2020-03-27 18:58:10', '127.0.0.1', 'blogToShow'),
(2408, '2020-03-27 18:58:11', '127.0.0.1', 'paginationBlog'),
(2409, '2020-03-27 18:58:13', '127.0.0.1', 'blogToShow'),
(2410, '2020-03-27 18:58:13', '127.0.0.1', 'paginationBlog'),
(2411, '2020-03-27 18:58:18', '127.0.0.1', 'blogToShow'),
(2412, '2020-03-27 18:58:18', '127.0.0.1', 'paginationBlog'),
(2413, '2020-03-27 18:58:21', '127.0.0.1', 'blog'),
(2414, '2020-03-27 18:58:21', '127.0.0.1', 'blogToShow'),
(2415, '2020-03-27 18:58:21', '127.0.0.1', 'paginationBlog'),
(2416, '2020-03-27 18:58:34', '127.0.0.1', 'about'),
(2417, '2020-03-27 18:58:35', '127.0.0.1', 'logout'),
(2418, '2020-03-27 18:58:35', '127.0.0.1', '/'),
(2419, '2020-03-27 18:58:38', '127.0.0.1', 'register'),
(2420, '2020-03-27 18:58:58', '127.0.0.1', 'doRegister'),
(2421, '2020-03-27 18:58:59', '127.0.0.1', 'login'),
(2422, '2020-03-27 18:59:05', '127.0.0.1', 'doLogin'),
(2423, '2020-03-27 18:59:06', '127.0.0.1', '/'),
(2424, '2020-03-27 18:59:08', '127.0.0.1', 'logout'),
(2425, '2020-03-27 18:59:08', '127.0.0.1', '/'),
(2426, '2020-03-27 18:59:09', '127.0.0.1', 'login'),
(2427, '2020-03-27 18:59:16', '127.0.0.1', 'doLogin'),
(2428, '2020-03-27 18:59:16', '127.0.0.1', '/'),
(2429, '2020-03-27 18:59:17', '127.0.0.1', 'admin'),
(2430, '2020-03-27 18:59:28', '127.0.0.1', 'admin/tablesPostsAdmin'),
(2431, '2020-03-27 18:59:33', '127.0.0.1', 'admin/updateBlog/{id}'),
(2432, '2020-03-27 18:59:42', '127.0.0.1', 'admin/doUpdateBlog'),
(2433, '2020-03-27 18:59:43', '127.0.0.1', 'admin/tablesPostsAdmin'),
(2434, '2020-03-27 18:59:47', '127.0.0.1', 'admin/updateBlog/{id}'),
(2435, '2020-03-27 18:59:59', '127.0.0.1', 'admin/doUpdateBlog'),
(2436, '2020-03-27 18:59:59', '127.0.0.1', 'admin/tablesPostsAdmin'),
(2437, '2020-03-27 19:00:08', '127.0.0.1', 'admin/deleteBlog/{id}'),
(2438, '2020-03-27 19:00:09', '127.0.0.1', 'admin/tablesPostsAdmin'),
(2439, '2020-03-27 19:00:14', '127.0.0.1', 'admin/actionsAdmin'),
(2440, '2020-03-27 19:00:28', '127.0.0.1', 'admin/tablesPostsAdmin'),
(2441, '2020-03-27 19:00:32', '127.0.0.1', 'admin/formPostInsert'),
(2442, '2020-03-27 19:00:49', '127.0.0.1', 'insertPost'),
(2443, '2020-03-27 19:00:49', '127.0.0.1', 'gallery'),
(2444, '2020-03-27 19:00:49', '127.0.0.1', 'sort'),
(2445, '2020-03-27 19:00:49', '127.0.0.1', 'paginationGallery'),
(2446, '2020-03-27 19:00:51', '127.0.0.1', 'sort'),
(2447, '2020-03-27 19:00:51', '127.0.0.1', 'paginationGallery'),
(2448, '2020-03-27 19:00:54', '127.0.0.1', 'admin'),
(2449, '2020-03-27 19:01:02', '127.0.0.1', 'admin/tablesPostsAdmin'),
(2450, '2020-03-27 19:01:05', '127.0.0.1', 'admin/updatePost/{id}'),
(2451, '2020-03-27 19:01:10', '127.0.0.1', 'admin/doUpdatePost'),
(2452, '2020-03-27 19:01:11', '127.0.0.1', 'admin/tablesPostsAdmin'),
(2453, '2020-03-27 19:01:15', '127.0.0.1', 'admin/updatePost/{id}'),
(2454, '2020-03-27 19:01:22', '127.0.0.1', 'admin/doUpdatePost'),
(2455, '2020-03-27 19:01:23', '127.0.0.1', 'admin/tablesPostsAdmin'),
(2456, '2020-03-27 19:01:26', '127.0.0.1', 'admin/deletePost/{id}'),
(2457, '2020-03-27 19:01:27', '127.0.0.1', 'admin/tablesPostsAdmin'),
(2458, '2020-03-27 19:01:36', '127.0.0.1', 'admin/formPostInsert'),
(2459, '2020-03-27 19:01:54', '127.0.0.1', 'insertBlog'),
(2460, '2020-03-27 19:02:09', '127.0.0.1', 'insertBlog'),
(2461, '2020-03-27 19:02:09', '127.0.0.1', 'blog'),
(2462, '2020-03-27 19:02:09', '127.0.0.1', 'blogToShow'),
(2463, '2020-03-27 19:02:09', '127.0.0.1', 'paginationBlog'),
(2464, '2020-03-27 19:02:25', '127.0.0.1', 'blogToShow'),
(2465, '2020-03-27 19:02:25', '127.0.0.1', 'paginationBlog'),
(2466, '2020-03-27 19:02:28', '127.0.0.1', 'admin'),
(2467, '2020-03-27 19:02:33', '127.0.0.1', 'admin/tablesPostsAdmin'),
(2468, '2020-03-27 19:02:35', '127.0.0.1', 'admin/deleteBlog/{id}'),
(2469, '2020-03-27 19:02:37', '127.0.0.1', 'admin/tablesPostsAdmin'),
(2470, '2020-03-27 19:02:40', '127.0.0.1', 'admin/tablesUsersAdmin'),
(2471, '2020-03-27 19:03:02', '127.0.0.1', 'admin/updateUser/{id}'),
(2472, '2020-03-27 19:03:08', '127.0.0.1', 'admin/doUpdate'),
(2473, '2020-03-27 19:03:09', '127.0.0.1', 'admin/tablesUsersAdmin'),
(2474, '2020-03-27 19:03:18', '127.0.0.1', 'admin/mailBoxAdmin'),
(2475, '2020-03-27 19:03:34', '127.0.0.1', 'admin/deleteMessage/{id}'),
(2476, '2020-03-27 19:03:35', '127.0.0.1', 'admin/mailBoxAdmin'),
(2477, '2020-03-27 19:03:37', '127.0.0.1', 'admin/deleteMessage/{id}'),
(2478, '2020-03-27 19:03:39', '127.0.0.1', 'admin/mailBoxAdmin'),
(2479, '2020-03-27 19:04:04', '127.0.0.1', 'admin/mailBoxAdmin'),
(2480, '2020-03-27 19:04:15', '127.0.0.1', 'admin/mailBoxAdmin'),
(2481, '2020-03-27 19:04:19', '127.0.0.1', 'admin/deleteMessage/{id}'),
(2482, '2020-03-27 19:04:20', '127.0.0.1', 'admin/mailBoxAdmin'),
(2483, '2020-03-27 19:04:24', '127.0.0.1', 'admin/actionsAdmin'),
(2484, '2020-03-27 19:04:30', '127.0.0.1', 'logout'),
(2485, '2020-03-27 19:04:30', '127.0.0.1', '/'),
(2486, '2020-03-27 19:04:34', '127.0.0.1', 'contact'),
(2487, '2020-03-27 19:05:00', '127.0.0.1', 'insertContactMessage'),
(2488, '2020-03-27 19:05:42', '127.0.0.1', 'contact'),
(2489, '2020-03-27 19:06:06', '127.0.0.1', 'insertContactMessage'),
(2490, '2020-03-27 19:06:07', '127.0.0.1', '/'),
(2491, '2020-03-27 19:06:08', '127.0.0.1', 'contact'),
(2492, '2020-03-27 19:06:33', '127.0.0.1', 'insertContactMessage'),
(2493, '2020-03-27 19:06:35', '127.0.0.1', '/'),
(2494, '2020-03-27 19:06:41', '127.0.0.1', 'contact'),
(2495, '2020-03-27 19:07:34', '127.0.0.1', 'insertContactMessage'),
(2496, '2020-03-27 19:07:35', '127.0.0.1', '/'),
(2497, '2020-03-27 19:08:36', '127.0.0.1', 'blog'),
(2498, '2020-03-27 19:08:37', '127.0.0.1', 'blogToShow'),
(2499, '2020-03-27 19:08:37', '127.0.0.1', 'paginationBlog'),
(2500, '2020-03-27 19:08:39', '127.0.0.1', 'blogToShow'),
(2501, '2020-03-27 19:08:39', '127.0.0.1', 'paginationBlog'),
(2502, '2020-03-27 19:08:40', '127.0.0.1', 'blogToShow'),
(2503, '2020-03-27 19:08:40', '127.0.0.1', 'paginationBlog'),
(2504, '2020-03-27 19:08:42', '127.0.0.1', 'blog'),
(2505, '2020-03-27 19:08:42', '127.0.0.1', 'blogToShow'),
(2506, '2020-03-27 19:08:43', '127.0.0.1', 'paginationBlog'),
(2507, '2020-03-27 19:17:44', '127.0.0.1', 'blog'),
(2508, '2020-03-27 19:17:45', '127.0.0.1', 'blogToShow'),
(2509, '2020-03-27 19:17:45', '127.0.0.1', 'paginationBlog'),
(2510, '2020-03-27 19:17:51', '127.0.0.1', 'blogToShow'),
(2511, '2020-03-27 19:17:52', '127.0.0.1', 'paginationBlog'),
(2512, '2020-03-27 19:17:57', '127.0.0.1', 'blogToShow'),
(2513, '2020-03-27 19:17:57', '127.0.0.1', 'paginationBlog'),
(2514, '2020-03-27 19:29:18', '127.0.0.1', 'blog'),
(2515, '2020-03-27 19:29:18', '127.0.0.1', 'blogToShow'),
(2516, '2020-03-27 19:29:19', '127.0.0.1', 'paginationBlog'),
(2517, '2020-03-27 19:29:22', '127.0.0.1', 'blogToShow'),
(2518, '2020-03-27 19:29:22', '127.0.0.1', 'paginationBlog'),
(2519, '2020-03-27 19:29:26', '127.0.0.1', 'blogToShow'),
(2520, '2020-03-27 19:29:26', '127.0.0.1', 'paginationBlog'),
(2521, '2020-03-27 19:29:35', '127.0.0.1', 'blogToShow'),
(2522, '2020-03-27 19:29:35', '127.0.0.1', 'paginationBlog'),
(2523, '2020-03-27 19:30:22', '127.0.0.1', 'blog'),
(2524, '2020-03-27 19:30:23', '127.0.0.1', 'blogToShow'),
(2525, '2020-03-27 19:30:23', '127.0.0.1', 'paginationBlog'),
(2526, '2020-03-27 19:30:26', '127.0.0.1', 'blogToShow'),
(2527, '2020-03-27 19:30:26', '127.0.0.1', 'paginationBlog'),
(2528, '2020-03-27 19:30:29', '127.0.0.1', 'blogToShow'),
(2529, '2020-03-27 19:30:29', '127.0.0.1', 'paginationBlog'),
(2530, '2020-03-27 19:30:32', '127.0.0.1', 'blogToShow'),
(2531, '2020-03-27 19:30:32', '127.0.0.1', 'paginationBlog'),
(2532, '2020-03-27 19:30:35', '127.0.0.1', 'blogToShow'),
(2533, '2020-03-27 19:30:36', '127.0.0.1', 'paginationBlog'),
(2534, '2020-03-27 19:30:38', '127.0.0.1', 'blogToShow'),
(2535, '2020-03-27 19:30:38', '127.0.0.1', 'paginationBlog'),
(2536, '2020-03-27 19:30:41', '127.0.0.1', 'blogToShow'),
(2537, '2020-03-27 19:30:41', '127.0.0.1', 'paginationBlog'),
(2538, '2020-03-27 19:30:44', '127.0.0.1', 'blogToShow'),
(2539, '2020-03-27 19:30:44', '127.0.0.1', 'paginationBlog'),
(2540, '2020-03-27 19:30:47', '127.0.0.1', 'blogToShow'),
(2541, '2020-03-27 19:30:47', '127.0.0.1', 'paginationBlog'),
(2542, '2020-03-27 19:30:49', '127.0.0.1', 'blogToShow'),
(2543, '2020-03-27 19:30:49', '127.0.0.1', 'paginationBlog'),
(2544, '2020-03-27 19:30:56', '127.0.0.1', 'blogToShow'),
(2545, '2020-03-27 19:30:57', '127.0.0.1', 'paginationBlog'),
(2546, '2020-03-27 19:30:59', '127.0.0.1', 'blogToShow'),
(2547, '2020-03-27 19:30:59', '127.0.0.1', 'paginationBlog'),
(2548, '2020-03-27 19:31:02', '127.0.0.1', 'blogToShow'),
(2549, '2020-03-27 19:31:02', '127.0.0.1', 'paginationBlog'),
(2550, '2020-03-27 19:31:04', '127.0.0.1', 'blog'),
(2551, '2020-03-27 19:31:04', '127.0.0.1', 'blogToShow'),
(2552, '2020-03-27 19:31:04', '127.0.0.1', 'paginationBlog'),
(2553, '2020-03-27 19:31:06', '127.0.0.1', 'blogToShow'),
(2554, '2020-03-27 19:31:06', '127.0.0.1', 'paginationBlog'),
(2555, '2020-03-27 19:31:08', '127.0.0.1', 'blogToShow'),
(2556, '2020-03-27 19:31:08', '127.0.0.1', 'paginationBlog'),
(2557, '2020-03-27 19:31:10', '127.0.0.1', 'blogToShow'),
(2558, '2020-03-27 19:31:10', '127.0.0.1', 'paginationBlog'),
(2559, '2020-03-27 19:31:11', '127.0.0.1', 'blogToShow'),
(2560, '2020-03-27 19:31:11', '127.0.0.1', 'paginationBlog'),
(2561, '2020-03-27 19:32:03', '127.0.0.1', 'login'),
(2562, '2020-03-27 19:32:32', '127.0.0.1', 'doLogin'),
(2563, '2020-03-27 19:32:34', '127.0.0.1', '/'),
(2564, '2020-03-27 19:40:21', '127.0.0.1', 'logout'),
(2565, '2020-03-27 19:40:21', '127.0.0.1', '/'),
(2566, '2020-03-27 19:40:24', '127.0.0.1', 'login'),
(2567, '2020-03-27 19:40:32', '127.0.0.1', 'doLogin'),
(2568, '2020-03-27 19:40:33', '127.0.0.1', '/'),
(2569, '2020-03-27 19:40:34', '127.0.0.1', 'admin'),
(2570, '2020-03-27 19:40:37', '127.0.0.1', 'admin/formPostInsert'),
(2571, '2020-03-27 19:40:42', '127.0.0.1', 'admin/insertCategory'),
(2572, '2020-03-27 19:40:42', '127.0.0.1', 'admin/tablesPostsAdmin'),
(2573, '2020-03-27 19:40:50', '127.0.0.1', 'admin/updateBlog/{id}'),
(2574, '2020-03-27 19:40:54', '127.0.0.1', 'admin/doUpdateBlog'),
(2575, '2020-03-27 19:40:54', '127.0.0.1', 'admin/tablesPostsAdmin'),
(2576, '2020-03-27 19:40:58', '127.0.0.1', 'admin/deleteCategory/{id}'),
(2577, '2020-03-27 19:48:09', '127.0.0.1', 'admin/deleteCategory/{id}'),
(2578, '2020-03-27 19:49:42', '127.0.0.1', 'admin/tablesPostsAdmin'),
(2579, '2020-03-27 19:49:46', '127.0.0.1', 'admin/deleteCategory/{id}'),
(2580, '2020-03-27 19:49:47', '127.0.0.1', 'admin/tablesPostsAdmin'),
(2581, '2020-03-27 19:54:09', '127.0.0.1', 'admin/tablesPostsAdmin'),
(2582, '2020-03-27 19:54:16', '127.0.0.1', '/'),
(2583, '2020-03-27 19:54:17', '127.0.0.1', 'gallery'),
(2584, '2020-03-27 19:54:17', '127.0.0.1', 'sort'),
(2585, '2020-03-27 19:54:17', '127.0.0.1', 'paginationGallery'),
(2586, '2020-03-27 19:54:18', '127.0.0.1', 'blog'),
(2587, '2020-03-27 19:54:18', '127.0.0.1', 'blogToShow'),
(2588, '2020-03-27 19:54:18', '127.0.0.1', 'paginationBlog'),
(2589, '2020-03-27 19:54:21', '127.0.0.1', 'blogToShow'),
(2590, '2020-03-27 19:54:21', '127.0.0.1', 'paginationBlog'),
(2591, '2020-03-27 19:54:26', '127.0.0.1', 'blogToShow'),
(2592, '2020-03-27 19:54:26', '127.0.0.1', 'paginationBlog'),
(2593, '2020-03-27 19:54:35', '127.0.0.1', 'blogToShow'),
(2594, '2020-03-27 19:54:35', '127.0.0.1', 'paginationBlog'),
(2595, '2020-03-27 19:54:37', '127.0.0.1', 'blogToShow'),
(2596, '2020-03-27 19:54:37', '127.0.0.1', 'paginationBlog'),
(2597, '2020-03-27 19:54:42', '127.0.0.1', 'blogToShow'),
(2598, '2020-03-27 19:54:42', '127.0.0.1', 'paginationBlog'),
(2599, '2020-03-27 19:54:44', '127.0.0.1', 'blogToShow'),
(2600, '2020-03-27 19:54:45', '127.0.0.1', 'paginationBlog'),
(2601, '2020-03-27 19:54:47', '127.0.0.1', 'blogToShow'),
(2602, '2020-03-27 19:54:47', '127.0.0.1', 'paginationBlog'),
(2603, '2020-03-27 19:54:49', '127.0.0.1', 'blogToShow'),
(2604, '2020-03-27 19:54:49', '127.0.0.1', 'paginationBlog'),
(2605, '2020-03-27 19:54:52', '127.0.0.1', 'blogToShow'),
(2606, '2020-03-27 19:54:52', '127.0.0.1', 'paginationBlog'),
(2607, '2020-03-27 19:55:35', '127.0.0.1', 'blog'),
(2608, '2020-03-27 19:55:35', '127.0.0.1', 'blogToShow'),
(2609, '2020-03-27 19:55:35', '127.0.0.1', 'paginationBlog'),
(2610, '2020-03-27 19:55:38', '127.0.0.1', 'blogToShow'),
(2611, '2020-03-27 19:55:38', '127.0.0.1', 'paginationBlog'),
(2612, '2020-03-27 19:55:41', '127.0.0.1', 'blogToShow'),
(2613, '2020-03-27 19:55:42', '127.0.0.1', 'paginationBlog'),
(2614, '2020-03-27 19:55:43', '127.0.0.1', 'blog'),
(2615, '2020-03-27 19:55:44', '127.0.0.1', 'blogToShow'),
(2616, '2020-03-27 19:55:44', '127.0.0.1', 'paginationBlog'),
(2617, '2020-03-27 19:56:49', '127.0.0.1', 'blog'),
(2618, '2020-03-27 19:56:49', '127.0.0.1', 'blogToShow'),
(2619, '2020-03-27 19:56:49', '127.0.0.1', 'paginationBlog'),
(2620, '2020-03-27 19:57:06', '127.0.0.1', 'blog'),
(2621, '2020-03-27 19:57:07', '127.0.0.1', 'blogToShow'),
(2622, '2020-03-27 19:57:07', '127.0.0.1', 'paginationBlog'),
(2623, '2020-03-27 19:57:10', '127.0.0.1', 'blog'),
(2624, '2020-03-27 19:57:10', '127.0.0.1', 'blogToShow'),
(2625, '2020-03-27 19:57:11', '127.0.0.1', 'paginationBlog'),
(2626, '2020-03-27 20:07:18', '127.0.0.1', 'blog'),
(2627, '2020-03-27 20:07:18', '127.0.0.1', 'blogToShow'),
(2628, '2020-03-27 20:07:18', '127.0.0.1', 'paginationBlog');

-- --------------------------------------------------------

--
-- Table structure for table `role`
--

CREATE TABLE `role` (
  `id` int(11) NOT NULL,
  `name` varchar(255) COLLATE utf8_unicode_ci NOT NULL
) ENGINE=InnoDB DEFAULT CHARSET=utf8 COLLATE=utf8_unicode_ci;

--
-- Dumping data for table `role`
--

INSERT INTO `role` (`id`, `name`) VALUES
(1, 'Korisnik'),
(2, 'Admin');

-- --------------------------------------------------------

--
-- Table structure for table `social_media`
--

CREATE TABLE `social_media` (
  `id` int(11) NOT NULL,
  `name` varchar(255) COLLATE utf8_unicode_ci NOT NULL,
  `href` varchar(255) COLLATE utf8_unicode_ci NOT NULL
) ENGINE=InnoDB DEFAULT CHARSET=utf8 COLLATE=utf8_unicode_ci;

--
-- Dumping data for table `social_media`
--

INSERT INTO `social_media` (`id`, `name`, `href`) VALUES
(1, 'Facebook', 'https://www.facebook.com/'),
(2, 'Instagram', 'https://www.instagram.com/'),
(3, 'Twitter', 'https://twitter.com/home?lang=sr');

-- --------------------------------------------------------

--
-- Table structure for table `user`
--

CREATE TABLE `user` (
  `id` int(11) NOT NULL,
  `name` varchar(255) COLLATE utf8_unicode_ci NOT NULL,
  `lastname` varchar(255) COLLATE utf8_unicode_ci NOT NULL,
  `email` varchar(255) COLLATE utf8_unicode_ci NOT NULL,
  `password` varchar(50) COLLATE utf8_unicode_ci NOT NULL,
  `date_of_registration` varchar(255) COLLATE utf8_unicode_ci NOT NULL,
  `active` int(1) NOT NULL,
  `role_id` int(11) NOT NULL
) ENGINE=InnoDB DEFAULT CHARSET=utf8 COLLATE=utf8_unicode_ci;

--
-- Dumping data for table `user`
--

INSERT INTO `user` (`id`, `name`, `lastname`, `email`, `password`, `date_of_registration`, `active`, `role_id`) VALUES
(1, 'Andrew', 'Sherman', 'user123@gmail.com', '40200c72eb573c7cb93c54a314c882bc', '2020-03-17 21:34:14', 0, 1),
(9, 'Admin', 'Admin', 'admin1@gmail.com', '6f3cf86ae8701749cc7f6e3437ee3d5a', '2020-03-24 15:00:01', 1, 2),
(11, 'James', 'Lebron', 'lebron123@gmail.com', '6f3cf86ae8701749cc7f6e3437ee3d5a', '2020-03-25 15:27:05', 0, 1),
(12, 'Korisnik', 'Korisnik', 'user123@gmail.com', '6f3cf86ae8701749cc7f6e3437ee3d5a', '2020-03-27 18:58:58', 0, 1);

--
-- Indexes for dumped tables
--

--
-- Indexes for table `about`
--
ALTER TABLE `about`
  ADD PRIMARY KEY (`id`);

--
-- Indexes for table `actions`
--
ALTER TABLE `actions`
  ADD PRIMARY KEY (`id`);

--
-- Indexes for table `blog`
--
ALTER TABLE `blog`
  ADD PRIMARY KEY (`id`),
  ADD KEY `blog_category` (`category_id`),
  ADD KEY `blog_user` (`user_id`);

--
-- Indexes for table `category`
--
ALTER TABLE `category`
  ADD PRIMARY KEY (`id`);

--
-- Indexes for table `contact`
--
ALTER TABLE `contact`
  ADD PRIMARY KEY (`id`);

--
-- Indexes for table `information`
--
ALTER TABLE `information`
  ADD PRIMARY KEY (`id`);

--
-- Indexes for table `menu`
--
ALTER TABLE `menu`
  ADD PRIMARY KEY (`id`);

--
-- Indexes for table `post`
--
ALTER TABLE `post`
  ADD PRIMARY KEY (`id`);

--
-- Indexes for table `requests`
--
ALTER TABLE `requests`
  ADD PRIMARY KEY (`id`);

--
-- Indexes for table `role`
--
ALTER TABLE `role`
  ADD PRIMARY KEY (`id`);

--
-- Indexes for table `social_media`
--
ALTER TABLE `social_media`
  ADD PRIMARY KEY (`id`);

--
-- Indexes for table `user`
--
ALTER TABLE `user`
  ADD PRIMARY KEY (`id`),
  ADD KEY `user_role` (`role_id`);

--
-- AUTO_INCREMENT for dumped tables
--

--
-- AUTO_INCREMENT for table `about`
--
ALTER TABLE `about`
  MODIFY `id` int(11) NOT NULL AUTO_INCREMENT, AUTO_INCREMENT=2;

--
-- AUTO_INCREMENT for table `actions`
--
ALTER TABLE `actions`
  MODIFY `id` int(11) NOT NULL AUTO_INCREMENT, AUTO_INCREMENT=100;

--
-- AUTO_INCREMENT for table `blog`
--
ALTER TABLE `blog`
  MODIFY `id` int(11) NOT NULL AUTO_INCREMENT, AUTO_INCREMENT=34;

--
-- AUTO_INCREMENT for table `category`
--
ALTER TABLE `category`
  MODIFY `id` int(11) NOT NULL AUTO_INCREMENT, AUTO_INCREMENT=8;

--
-- AUTO_INCREMENT for table `contact`
--
ALTER TABLE `contact`
  MODIFY `id` int(11) NOT NULL AUTO_INCREMENT, AUTO_INCREMENT=13;

--
-- AUTO_INCREMENT for table `information`
--
ALTER TABLE `information`
  MODIFY `id` int(11) NOT NULL AUTO_INCREMENT, AUTO_INCREMENT=4;

--
-- AUTO_INCREMENT for table `menu`
--
ALTER TABLE `menu`
  MODIFY `id` int(11) NOT NULL AUTO_INCREMENT, AUTO_INCREMENT=6;

--
-- AUTO_INCREMENT for table `post`
--
ALTER TABLE `post`
  MODIFY `id` int(11) NOT NULL AUTO_INCREMENT, AUTO_INCREMENT=19;

--
-- AUTO_INCREMENT for table `requests`
--
ALTER TABLE `requests`
  MODIFY `id` int(11) NOT NULL AUTO_INCREMENT, AUTO_INCREMENT=2629;

--
-- AUTO_INCREMENT for table `role`
--
ALTER TABLE `role`
  MODIFY `id` int(11) NOT NULL AUTO_INCREMENT, AUTO_INCREMENT=3;

--
-- AUTO_INCREMENT for table `social_media`
--
ALTER TABLE `social_media`
  MODIFY `id` int(11) NOT NULL AUTO_INCREMENT, AUTO_INCREMENT=4;

--
-- AUTO_INCREMENT for table `user`
--
ALTER TABLE `user`
  MODIFY `id` int(11) NOT NULL AUTO_INCREMENT, AUTO_INCREMENT=13;

--
-- Constraints for dumped tables
--

--
-- Constraints for table `blog`
--
ALTER TABLE `blog`
  ADD CONSTRAINT `blog_category` FOREIGN KEY (`category_id`) REFERENCES `category` (`id`) ON DELETE CASCADE,
  ADD CONSTRAINT `blog_user` FOREIGN KEY (`user_id`) REFERENCES `user` (`id`) ON DELETE CASCADE;

--
-- Constraints for table `user`
--
ALTER TABLE `user`
  ADD CONSTRAINT `user_role` FOREIGN KEY (`role_id`) REFERENCES `role` (`id`);
COMMIT;

/*!40101 SET CHARACTER_SET_CLIENT=@OLD_CHARACTER_SET_CLIENT */;
/*!40101 SET CHARACTER_SET_RESULTS=@OLD_CHARACTER_SET_RESULTS */;
/*!40101 SET COLLATION_CONNECTION=@OLD_COLLATION_CONNECTION */;
